id,domain,status,purchase_price,renewal_price,attractiveness,demand,length,registrar,created_at,expires_at,status_verified_at
78cdcff8-1098-4d9e-8702-216da4ab12b5,shiatsu.cam,available,8.99,17.49,medium,low,7,namesilo,,,17/09/2026 05:40
fc2e959f-9346-4537-807b-93f522076c4b,mead.cam,available,1.7,14.69,high,low,4,spaceship,,,30/09/2026 17:28
ab7a1cdf-1118-4513-a673-4396d628a2be,fur.cam,premium,512,16.52,high,low,3,namesilo,,,27/09/2026 04:05
1c11da71-c2c3-4f79-acea-295756e73a9b,stress.cam,premium,1875,,high,low,6,name.com,,,28/09/2026 17:21
7e6adcd5-b431-499b-92c2-a6d53957c4e2,frantic.cam,available,2.98,22.98,medium,low,7,namecheap,,,18/08/2026 14:15
76925117-7462-46d2-8535-65eba9deafac,fontaine.cam,available,8.99,17.49,high,low,8,namesilo,,,28/09/2026 12:22
55207a3e-eaef-433a-b6e5-11a6ec31c93d,virginia.cam,premium,1040,18.2,high,low,8,namecheap,,,25/09/2026 09:38
7d97052c-8192-4141-8e24-8042ab692936,arbitrarily.cam,available,22.98,,medium,low,11,namecheap,,,
ec10f604-61c7-43af-b82f-88edcabdd7e7,starkest.cam,available,8.99,17.49,low,low,8,namesilo,,,20/09/2026 22:48
ff1005e8-946e-4d0a-8c86-b7655ed89f99,unavailable.cam,available,14.2,14.2,medium,low,11,cloudflare,,,29/09/2026 03:22
ad79fb02-7506-41cb-a4c7-a688ea5b5dd2,especially.cam,available,14.2,14.2,medium,low,10,cloudflare,,,28/09/2026 14:41
01cab572-27e0-45ea-be9d-5919a4a337d2,strength.cam,resell,,,high,low,8,"Spaceship, Inc.",14/02/2026 09:31,14/02/2027 23:59,26/09/2026 09:20
45c7b09f-7394-4c84-afd4-3adb7e260a1a,lotus.cam,available,7.72,14.93,high,high,5,porkbun,,,29/09/2026 06:44
ce06e3a9-efec-449d-9e72-340a565ad6a1,cymry.cam,available,2.98,22.98,medium,low,5,namecheap,,,13/09/2026 10:45
00576905-1885-4fa6-96c7-e7c80dce230d,bore.cam,available,8.99,17.49,high,low,4,namesilo,,,24/09/2026 12:50
e5b05141-6cf2-4ddc-bf41-9d8e486d4cb7,sunny.cam,premium,1995,16.52,high,low,5,namesilo,,,27/09/2026 06:59
a25ac3cd-827e-40bd-b153-1072790ad3ec,forester.cam,available,8.99,17.49,medium,low,8,namesilo,,,20/09/2026 00:50
a0e3c896-db61-451d-a60b-fc22e6325d10,ethically.cam,available,2.98,22.98,high,low,9,namecheap,,,14/09/2026 16:20
25b616b7-25a4-421c-84f7-0b07252f097a,azote.cam,available,2.98,22.98,medium,low,5,namecheap,,,21/09/2026 11:27
da69f0e9-78f6-4465-86cd-cc218b0d1af9,breasted.cam,available,2.98,22.98,medium,low,8,namecheap,,,11/08/2026 03:12
c0afd16a-08f0-4c13-9a21-19bb433effe4,transfer.cam,premium,520,18.2,high,low,8,namecheap,,,19/09/2026 03:42
4bcda4d3-ae65-403b-950a-d822b525dca0,folklore.cam,available,14.2,14.2,high,low,8,cloudflare,,,30/09/2026 01:40
23a1f943-e969-4d3c-a21b-62954aa974af,allotrope.cam,available,8.99,17.49,medium,low,9,namesilo,,,18/09/2026 12:06
cfdc2179-d297-4e08-945d-2ca61e863cb2,adored.cam,available,2.98,22.98,high,low,6,namecheap,,,21/09/2026 19:35
bbb5956e-82c8-4804-87d4-64d10a6ddc58,manifested.cam,available,1.7,14.69,medium,low,10,spaceship,,,30/09/2026 06:51
11eeeddb-ea08-4d37-b59b-153734332310,adoption.cam,available,29.99,29.99,high,low,8,name.com,,,17/09/2026 09:43
daf51f51-f5e5-48ef-a1c7-2fe72dbf5976,joey.cam,available,8.99,17.49,high,low,4,namesilo,,,25/09/2026 11:16
16c807c6-7362-4df2-9989-a9d43c0f93a0,partizan.cam,available,2.98,22.98,high,low,8,namecheap,,,08/09/2026 02:09
9b00c351-6908-4787-a600-27ff787b1d79,dominican.cam,premium,500,29.99,high,low,9,name.com,,,14/08/2026 15:44
fc0293bb-cb17-4e04-9ef8-a44c1552306c,honegger.cam,available,8.99,17.49,high,low,8,namesilo,,,20/09/2026 10:55
6267aca8-55ab-4245-b49c-7155f6d820f3,shrunk.cam,available,1.7,14.69,medium,low,6,spaceship,,,01/10/2026 04:31
b0adee15-b2da-4a7d-8158-85f17f510ef9,knockout.cam,available,14.2,14.2,medium,low,8,cloudflare,,,29/09/2026 04:50
419085c8-c12f-4dfc-91cc-f8356dfdd9e8,infectious.cam,available,2.98,22.98,medium,low,10,namecheap,,,22/08/2026 04:12
ec94f0ed-271b-4f3d-97d8-143309ba0842,branchy.cam,available,2.98,22.98,medium,low,7,namecheap,,,11/08/2026 02:23
a539cdd6-e38a-4206-a8ae-1ca3ddf31bb5,methionine.cam,available,13.99,27.99,medium,low,10,godaddy,,,30/09/2026 02:16
6d9ccebc-110b-4e4d-9548-f2376fb720e7,dinar.cam,available,2.98,22.98,high,low,5,namecheap,,,18/09/2026 07:02
32d2e4fa-186b-410c-88d0-557e0f45b7ce,region.cam,available,14.2,14.2,high,low,6,cloudflare,,,30/09/2026 09:23
60b60d27-dfdf-4883-a69d-c9d737d3a80f,denise.cam,available,8.99,17.49,medium,low,6,namesilo,,,25/09/2026 14:19
5ec746a8-7d24-464e-b75c-281f606e34d7,divorcing.cam,available,8.99,17.49,low,low,9,namesilo,,,17/09/2026 22:37
5e2b5a8d-7f3c-4b80-b699-9be5b3781275,rae.cam,premium,1995,16.52,medium,low,3,namesilo,,,27/09/2026 01:43
fa8ae7b1-7520-4cb1-a284-36272b35e818,poverty.cam,available,2.98,22.98,medium,low,7,namecheap,,,29/09/2026 23:35
4694ea2b-b02b-4753-8ae2-83d7c4d8f090,helmets.cam,available,1.7,14.69,medium,low,7,spaceship,,,30/09/2026 00:28
59f7fa46-de48-4a31-927c-b3fae2500356,raiseable.cam,available,2.98,22.98,high,medium,9,namecheap,,,09/09/2026 09:52
7ad03ec7-04c3-409f-837f-49d7e48cf34e,ague.cam,available,2.98,22.98,medium,low,4,namecheap,,,
117e40a1-8211-4c5b-897d-7b4ba7a7e2c4,roofless.cam,available,2.98,22.98,medium,low,8,namecheap,,,14/08/2026 12:09
64a727f8-4ab7-4d0b-bed5-c5f674ad9974,amorpha.cam,available,2.98,22.98,medium,low,7,namecheap,,,18/09/2026 22:43
4fbbfe63-7bc6-40f5-a80a-0d5340aceac9,cruciate.cam,available,2.98,22.98,medium,low,8,namecheap,,,13/08/2026 08:40
c7efee35-9eb5-4731-9ca0-826326dc3f1a,hiatus.cam,available,2.98,22.98,high,low,6,namecheap,,,16/09/2026 14:09
5299b830-461a-4672-a3f6-80fb0a84dd44,touchdowns.cam,available,8.99,17.49,medium,low,10,namesilo,,,19/09/2026 23:06
fdf786e5-4e35-4a8e-8370-324b3a21451a,equine.cam,available,2.98,22.98,high,low,6,namecheap,,,17/08/2026 11:45
f7cf4899-9333-41c7-b3a5-fe159e22b00c,treachery.cam,available,8.99,17.49,medium,low,9,namesilo,,,23/09/2026 11:23
d286302d-6f90-4a16-b7c0-f5763f0b4f09,destroys.cam,available,8.99,17.49,low,low,8,namesilo,,,29/09/2026 05:36
6949b1ed-c09d-4b92-b848-a02d11550972,stumble.cam,available,1.7,14.69,high,low,7,spaceship,,,30/09/2026 10:30
fbaddc72-a218-4ce1-90ed-9828f1e88263,confirm.cam,available,8.99,17.49,high,low,7,namesilo,,,27/09/2026 05:57
ef4a82f2-9ae7-4f9c-a1d1-823d2a8e6857,somatic.cam,available,2.98,22.98,high,low,7,namecheap,,,13/08/2026 01:56
205a6044-9ce7-4cd7-889b-da14cad70678,etiquette.cam,available,1.7,14.69,high,low,9,spaceship,,,29/09/2026 18:48
ec4511b6-3dee-473b-a67a-82b92b7fc7cd,marjorie.cam,available,8.99,17.49,medium,low,8,namesilo,,,29/09/2026 04:00
1c0d994e-2d67-4fef-8ae8-f805141a6a93,willie.cam,available,8.99,17.49,medium,low,6,namesilo,,,25/09/2026 11:47
a8964fcc-2050-4c12-9cd1-3d9bd49042c4,conscience.cam,available,8.99,17.49,high,low,10,namesilo,,,29/09/2026 11:04
1142241a-d1d5-41f2-89aa-400a402a816f,artefact.cam,available,8.99,17.49,high,low,8,namesilo,,,20/09/2026 10:07
4c9e8e06-b982-4549-8829-1bf2dfa54494,lutetium.cam,available,8.99,17.49,medium,low,8,namesilo,,,20/09/2026 23:39
23e2003e-70c3-4b1b-9335-b57264d29fa9,wider.cam,available,2.98,22.98,medium,low,5,namecheap,,,29/09/2026 04:55
5d608f82-8ec4-4739-bc9f-0fb7a56852f7,injuries.cam,available,8.99,17.49,low,low,8,namesilo,,,27/09/2026 21:38
a50e4501-e34b-4cb5-8ac7-eef173d03137,gpu.cam,premium,414.2,14.69,high,medium,3,spaceship,,,30/09/2026 19:48
19920e36-e6dd-4895-94b9-d700f0d5a62e,compound.cam,resell,,,high,low,8,"Spaceship, Inc.",15/11/2025 22:16,15/11/2026 23:59,26/09/2026 05:10
0dfb1ee1-5df9-405c-aff5-ed0a47e996a2,embarrassing.cam,available,8.99,17.49,medium,low,12,namesilo,,,27/09/2026 06:37
d98c1e41-44e0-4057-b1b1-37eb6e78818f,spoof.cam,available,8.99,17.49,high,low,5,namesilo,,,23/09/2026 11:26
7153e098-0d22-4b72-905b-8f1035dc3758,unfortunately.cam,available,8.99,17.49,medium,low,13,namesilo,,,
9878b413-318a-4292-986e-6114f907c93e,assassinate.cam,available,1.7,14.69,medium,low,11,spaceship,,,30/09/2026 19:24
1cb68440-1895-4fb7-991a-685996a411f7,angell.cam,available,1.7,14.69,high,low,6,spaceship,,,29/09/2026 21:36
4ec6010a-641d-49a9-aef9-9316575107f6,rumanian.cam,available,2.98,22.98,high,medium,8,namecheap,,,09/09/2026 18:28
c4357d66-444f-47b3-886d-d5ec928d2b79,opel.cam,available,8.99,17.49,high,medium,4,namesilo,,,30/09/2026 10:39
20e66bcd-1930-4418-b750-f24029fa1db9,scant.cam,available,2.98,22.98,medium,low,5,namecheap,,,09/09/2026 22:36
2d0a921b-89de-44af-875c-09bfbee3de13,reap.cam,available,13.99,27.99,high,low,4,godaddy,,,30/09/2026 01:50
9f586e47-b785-4ab8-bff0-a2575abac517,kane.cam,premium,854,16.52,high,low,4,namesilo,,,27/09/2026 07:59
9eef911c-0258-4f5b-bb57-0ce317ff1a3e,raiding.cam,available,2.98,22.98,medium,low,7,namecheap,,,24/08/2026 15:45
bf2090b5-3fc2-4f21-a922-ce99c23b837e,manzoni.cam,available,8.99,17.49,high,low,7,namesilo,,,18/09/2026 05:31
10dd40a9-aa0d-4822-ae76-8728f2e9c40a,darling.cam,resell,,,high,low,7,"GoDaddy.com, LLC",10/06/2026 13:49,10/06/2027 23:59,26/09/2026 05:25
6413ca6b-38fb-4c5e-80e5-e6ea09e66e3f,jovial.cam,available,2.98,22.98,high,low,6,namecheap,,,22/08/2026 13:42
c482beed-c5f8-4228-9cb0-ca1a02c5409a,asuncion.cam,available,2.98,22.98,high,low,8,namecheap,,,20/09/2026 18:23
a2b65117-4a3f-473a-9056-a8b29a14cd61,hexed.cam,available,2.98,22.98,medium,low,5,namecheap,,,21/08/2026 07:51
0c9be7b6-e3f7-4e6e-bf54-5d0441a28a2b,arabic.cam,premium,854,16.52,high,low,6,namesilo,,,22/09/2026 07:33
b388f1ce-c819-4c30-a79d-2b8f26cc9bd3,gradually.cam,available,2.98,22.98,high,low,9,namecheap,,,14/09/2026 22:00
463f4cd5-45f7-4e73-9d10-15a17e503fd7,ventolin.cam,available,8.99,17.49,medium,low,8,namesilo,,,18/09/2026 03:33
891f09db-6c42-4fe2-ad14-473cf44a89b4,serb.cam,available,2.98,22.98,high,low,4,namecheap,,,10/09/2026 04:35
49fe2feb-82cc-4fab-80d3-3658499b4dd8,lingually.cam,available,2.98,22.98,medium,low,9,namecheap,,,15/09/2026 12:28
e791e522-d64f-4e15-8990-80a0c2ae17e7,unitarian.cam,available,2.98,22.98,high,low,9,namecheap,,,12/09/2026 13:56
62850f96-c920-4d5b-8021-68a62677ebf1,acquisition.cam,available,14.2,14.2,high,low,11,cloudflare,,,01/10/2026 03:39
9498cae0-fc5c-42e2-93bd-a551654179be,crowe.cam,available,8.99,17.49,medium,low,5,namesilo,,,28/09/2026 12:13
f34751df-5b83-421f-8b64-fb85ecbaeb5e,thb.cam,premium,500,29.99,high,low,3,name.com,,,21/09/2026 14:19
071bcafd-aac8-4e9c-96f1-19f88426d12c,condiment.cam,available,1.7,14.69,high,low,9,spaceship,,,29/09/2026 10:37
651600eb-89c9-4d40-b05f-f2ee704bbdbb,gosh.cam,available,1.7,14.69,high,low,4,spaceship,,,30/09/2026 11:39
68d91c78-edcc-4b38-8e95-83734cfa1c80,haunted.cam,available,2.98,22.98,high,low,7,namecheap,,,21/08/2026 01:31
e40d8c98-8b4c-4d84-bb14-8bf42fdbb43c,icon.cam,premium,414.2,14.69,high,medium,4,spaceship,,,29/09/2026 23:28
0ed8b50a-bbc2-4a58-9497-f9f8fd4043b0,stepaside.cam,available,2.98,22.98,medium,low,10,namecheap,,,16/09/2026 15:09
43de52f4-d4f6-40c9-97e7-24e9e8a05687,spencer.cam,available,1.7,14.69,high,low,7,spaceship,,,27/09/2026 14:02
faced612-c5e0-4375-9405-1b4cc24e0875,aramus.cam,available,8.99,17.49,medium,low,6,namesilo,,,19/09/2026 23:57
06b93db5-9328-4f20-bb0e-08c9533921ab,decayable.cam,available,2.98,22.98,low,low,9,namecheap,,,13/08/2026 20:54
3e618c45-adac-4189-b51b-e8b1c1913a17,maudlin.cam,available,2.98,22.98,medium,low,7,namecheap,,,09/08/2026 00:42
8895d26d-f623-48d2-9045-304cdf6e7e78,fielding.cam,available,1.7,14.69,medium,low,8,spaceship,,,29/09/2026 06:54
389035d7-53c9-493d-9630-e22ff4476a43,randoms.cam,available,2.98,22.98,low,low,7,namecheap,,,19/09/2026 22:13
ed24469b-162d-4a22-8128-ef11dc1ea6a9,moulds.cam,available,8.99,17.49,medium,low,6,namesilo,,,20/09/2026 13:57
86c52b8c-1899-46b2-b408-665efdc99df8,occupy.cam,available,8.99,17.49,high,low,6,namesilo,,,23/09/2026 12:12
3a6577a7-5095-452d-87b4-19ef692f7a72,soe.cam,premium,414.2,14.69,medium,low,3,spaceship,,,28/09/2026 21:29
3b26db1c-e726-42f5-aa09-cf468b90c4c1,courageous.cam,available,8.99,17.49,high,low,10,namesilo,,,23/09/2026 02:25
76f3d1d9-60bf-45f5-bfee-e16885bc38f1,haryana.cam,available,14.2,14.2,medium,low,7,cloudflare,,,30/09/2026 12:51
709b060f-a077-4497-9543-48a16818d87d,cryptical.cam,available,2.98,22.98,medium,low,9,namecheap,,,11/08/2026 12:19
df84e2c8-a871-47bc-acf8-2f44f145d780,astragal.cam,available,2.98,22.98,medium,low,8,namecheap,,,19/09/2026 09:44
b0cea2f3-03e1-4fba-9246-af42f532eeb1,accountancy.cam,available,8.99,17.49,high,low,11,namesilo,,,
443b7252-bfab-4245-a893-718a68142a3a,cottony.cam,available,2.98,22.98,medium,low,7,namecheap,,,13/08/2026 03:26
286cdebd-24ec-4002-812c-0c3c49fd869e,rake.cam,available,8.99,17.49,high,low,4,namesilo,,,27/09/2026 07:07
97444c19-b283-408b-b7c6-a149661e1ba0,adnate.cam,available,2.98,22.98,medium,low,6,namecheap,,,
c77bb095-3f2e-4a81-b8cc-4f7172614145,mansard.cam,available,2.98,22.98,medium,low,7,namecheap,,,24/08/2026 15:30
d24672d2-8be7-482f-83fe-5a26ccb20b42,mystically.cam,available,2.98,22.98,medium,low,10,namecheap,,,15/09/2026 15:58
7de191fb-6d1c-4ee8-ad44-21fd5f3e9a99,scc.cam,premium,512,16.52,high,low,3,namesilo,,,30/09/2026 11:50
7c456136-ad7a-476c-a3ae-6bafaf3b1ec4,errorless.cam,available,2.98,22.98,medium,low,9,namecheap,,,17/08/2026 13:01
77968f1b-1b97-46d6-b7a3-8dde2aefba4d,asbestosis.cam,available,8.99,17.49,medium,low,10,namesilo,,,20/09/2026 12:56
c91893b8-2564-45a8-a6b3-973edb1d0d33,elk.cam,premium,854,16.52,high,low,3,namesilo,,,18/09/2026 03:55
2dcad6a6-a39e-45f6-8e17-1a78b03e2385,biggish.cam,available,2.98,22.98,medium,low,7,namecheap,,,09/08/2026 20:33
d736632f-bb63-4dd8-9cc0-80711b71bf03,allelic.cam,available,2.98,22.98,medium,low,7,namecheap,,,
00392204-4465-4f3d-a043-92fcdebed82a,monsoon.cam,available,1.7,14.69,high,low,7,spaceship,,,30/09/2026 18:04
a2d2331b-8daa-4ba0-85cc-281e975b2597,aggro.cam,available,2.98,22.98,medium,low,5,namecheap,,,17/09/2026 17:46
bdd7f44f-4675-4f8e-8cb0-00203913e77f,littlefield.cam,available,1.7,14.69,high,low,11,spaceship,,,30/09/2026 06:06
b3de8c85-af88-4d5e-978a-0074bb0893de,provoking.cam,available,2.98,22.98,high,low,9,namecheap,,,
da93b14a-f572-4583-b47d-e38ee6aff006,fondly.cam,available,2.98,22.98,high,low,6,namecheap,,,14/09/2026 19:12
2cbbf512-64d9-40bd-a300-1fe3b1ed9a0c,wednesday.cam,available,2.98,22.98,high,low,9,namecheap,,,13/09/2026 09:32
de5edda3-0031-4f5e-859c-e654ccf690e7,ditto.cam,available,2.98,22.98,high,low,5,namecheap,,,24/09/2026 23:16
1ccf6646-249f-4cfb-947e-f2d99dc6b1ec,aldebaran.cam,available,8.99,17.49,medium,low,9,namesilo,,,18/09/2026 04:20
feaa06c7-f635-408f-aa95-e9b6cf50249b,reverting.cam,available,2.98,22.98,medium,low,9,namecheap,,,09/09/2026 15:58
fa413fba-b482-40d6-92df-bd56ebf0d426,thought.cam,available,1.7,14.69,high,low,7,spaceship,,,28/09/2026 09:13
3385f25e-455d-4692-99bc-0a01731ef121,pros.cam,available,8.99,17.49,medium,low,4,namesilo,,,20/09/2026 10:26
89224706-46aa-4af3-a7e2-d1e8f89b9172,unowned.cam,available,2.98,22.98,medium,low,7,namecheap,,,04/09/2026 22:16
683107b6-0ee7-4f36-9acd-8ca6ad219e88,bulb.cam,premium,512,16.52,high,low,4,namesilo,,,29/09/2026 05:14
6aa72b35-7fb9-4c87-953d-ba64cbe8dcbc,warner.cam,available,8.99,17.49,high,low,6,namesilo,,,28/09/2026 05:27
1234f4e7-d139-40b8-bcfc-48f605b5bdba,appears.cam,available,2.98,22.98,medium,low,7,namecheap,,,25/09/2026 20:18
06b2ba28-b0dd-435f-8441-36febeabfa7d,commencing.cam,available,1.75,15.2,medium,low,10,dynadot,,,30/09/2026 06:14
83e4a895-2966-4e0b-91df-213d1cb6b1ee,vindictive.cam,available,2.98,22.98,medium,low,10,namecheap,,,14/08/2026 04:21
a34b20ec-2bba-4a17-a0f6-a69951efad63,binger.cam,available,8.99,17.49,medium,low,6,namesilo,,,23/09/2026 17:33
72696d17-06fc-4e14-af13-a59384aaa973,mastercard.cam,available,22.98,,high,medium,10,namecheap,,,
ea67e06a-1081-43a6-b30c-878cac0912eb,burnside.cam,available,8.99,17.49,high,low,8,namesilo,,,16/09/2026 12:53
64430976-2cfd-47ca-b66b-88805f4fef03,writer.cam,available,8.99,17.49,high,low,6,namesilo,,,21/09/2026 05:09
5403f952-2ce7-4810-af19-efe007234d3f,inside.cam,premium,512,16.52,high,low,6,namesilo,,,25/09/2026 09:46
3d62cab2-2605-433c-8285-18ccea7f0417,slighting.cam,available,2.98,22.98,medium,low,9,namecheap,,,09/08/2026 13:15
76a33f19-7220-434d-bf65-b855864ae5d5,veinal.cam,available,2.98,22.98,low,low,6,namecheap,,,13/09/2026 01:51
d7d4ed43-e29b-4d83-a119-a3ea08e69b4f,conveyance.cam,available,1.7,14.69,high,low,10,spaceship,,,01/10/2026 02:33
91f31e2e-d70f-4309-be9c-eda19c7e5ef7,muhammad.cam,available,1.7,14.69,medium,low,8,spaceship,,,28/09/2026 13:59
8eb51386-eabd-42da-9f26-6293b0cb561c,gruff.cam,available,2.98,22.98,high,low,5,namecheap,,,13/08/2026 11:25
7bf1ba96-f245-4a6a-880e-fa8ee2bf4911,swingeing.cam,available,2.98,22.98,medium,low,9,namecheap,,,11/09/2026 05:48
3f1f1055-3476-47a6-8dcd-a2b5bb8c04b0,shutting.cam,available,2.98,22.98,medium,low,8,namecheap,,,12/08/2026 12:22
f42977c5-836c-491d-941e-32c65e0290ed,unseeded.cam,available,2.98,22.98,medium,low,8,namecheap,,,12/09/2026 19:10
fd3644b6-f81f-44db-bb4f-ecf597f7ce63,outlander.cam,available,2.98,22.98,medium,low,9,namecheap,,,
5e43510a-5b13-4f30-ad5d-08dcf227166a,destroyer.cam,available,1.7,14.69,medium,low,9,spaceship,,,28/09/2026 05:31
cfd4b551-90ea-4ae0-a1bc-0ccef808c137,wavelike.cam,available,2.98,22.98,medium,low,8,namecheap,,,13/08/2026 06:56
77a368e9-1c1c-402a-b788-6afd3184711d,rhyme.cam,available,1.7,14.69,high,low,5,spaceship,,,28/09/2026 15:15
0c696174-68cf-4ee1-bd4c-395c91df9b47,parish.cam,available,14.2,14.2,medium,low,6,cloudflare,,,28/09/2026 20:07
31db70db-74b5-42b5-8b15-7270278b78fd,cherished.cam,available,2.98,22.98,high,low,9,namecheap,,,12/08/2026 04:13
97861686-af97-473c-9ee9-a502e78f8a65,undermine.cam,available,14.2,14.2,medium,low,9,cloudflare,,,29/09/2026 06:16
50d1834a-26fe-462c-9dac-68f6b3d45cc7,pun.cam,available,1.7,14.69,high,low,3,spaceship,,,30/09/2026 02:27
535ca4a3-0561-4dc2-a8a6-7aea36482cde,buff.cam,premium,500,29.99,high,low,4,name.com,,,11/08/2026 07:48
6cf9d7bd-3c1b-4dc3-8379-840c99773cc0,cantonment.cam,available,2.98,22.98,medium,low,10,namecheap,,,11/08/2026 15:52
aab73990-3a56-4728-9ce4-b6dc55910688,enclosed.cam,available,2.98,22.98,high,low,8,namecheap,,,16/08/2026 22:21
9ded18c1-90e4-4790-a495-ebb601c4ee60,ari.cam,premium,1638.01,15.81,high,medium,3,porkbun,,,28/09/2026 07:41
7edb582e-63bc-4953-81a0-e394ce9093b8,valparaiso.cam,available,1.7,14.69,medium,low,10,spaceship,,,29/09/2026 02:28
97d01130-c7a5-4360-a657-2d4988e9402f,migratory.cam,available,2.98,22.98,medium,low,9,namecheap,,,24/08/2026 22:49
e0f86dc3-efb5-4874-b7b8-a2ec2e38c940,seville.cam,available,1.7,14.69,medium,low,7,spaceship,,,30/09/2026 18:37
b4ce8b46-1e21-4722-ac91-2bf4241356f6,muzzle.cam,available,8.99,17.49,high,low,6,namesilo,,,29/09/2026 07:01
0e6f69fe-36c0-43f2-9090-6cc839682c3c,craniate.cam,available,2.98,22.98,medium,low,8,namecheap,,,13/09/2026 04:37
371ee1b9-6a7b-443c-83d9-c483472aa1eb,craven.cam,available,2.98,22.98,medium,low,6,namecheap,,,13/08/2026 05:27
68dff7d0-5ebd-4922-9ffb-3a9f2b1621b7,tumbleweed.cam,available,8.99,17.49,high,low,10,namesilo,,,18/09/2026 15:52
c688ef6e-4781-4610-a34a-894a49205b5f,miguel.cam,premium,1040,18.2,high,low,6,namecheap,,,25/09/2026 14:22
12977b54-9290-4246-a0dc-d1dc8670716d,microwave.cam,available,8.99,17.49,high,low,9,namesilo,,,30/09/2026 04:20
865ff1c2-7476-465b-8fdb-3e10463743cc,guarantees.cam,available,1.7,14.69,medium,low,10,spaceship,,,29/09/2026 11:28
731d64ef-d6d9-4e7f-970e-8649e50a5b37,fca.cam,premium,828.2,14.69,high,low,3,spaceship,,,30/09/2026 19:55
813260d5-673c-4be1-84e2-1b043b515cc2,ravaging.cam,available,2.98,22.98,high,medium,8,namecheap,,,09/09/2026 10:39
7236c851-a5d7-4d1e-a7c1-decea8e20546,semantic.cam,available,2.98,22.98,high,low,8,namecheap,,,10/09/2026 02:16
25462614-b72e-4945-b77b-6f991fe0e16f,antiblack.cam,available,2.98,22.98,low,low,9,namecheap,,,
fe04fa5a-714d-4a0b-9a60-a33ab58968f0,caves.cam,available,1.7,14.69,medium,low,5,spaceship,,,28/09/2026 13:19
39b44882-9465-492e-b6b4-072319109ac9,metabolism.cam,available,8.99,17.49,medium,low,10,namesilo,,,29/09/2026 13:25
17d10d5f-c657-43c0-9908-c929741c949d,gods.cam,available,22.98,,high,low,4,namecheap,,,
7de49af6-58e2-458b-9019-a9048149ddd3,answerable.cam,available,8.99,17.49,high,low,10,namesilo,,,22/09/2026 05:32
75deb08d-4a5e-429e-a11c-c3db620f0d7f,replying.cam,available,2.98,22.98,medium,low,8,namecheap,,,18/09/2026 12:55
cefa73f8-541d-4a3d-a249-d27a8f2774e1,recommending.cam,available,1.7,14.69,medium,low,12,spaceship,,,30/09/2026 09:39
62a306eb-e912-46f2-b408-1ba0d358663b,reluctance.cam,available,1.7,14.69,medium,low,10,spaceship,,,30/09/2026 10:58
7c79f12e-ea0c-4043-bfb2-f5c5a4c69cb6,bergman.cam,available,8.99,17.49,high,low,7,namesilo,,,23/09/2026 09:21
9257a3c8-f1c7-481d-9774-196dba3ef70c,steiner.cam,available,8.99,17.49,high,low,7,namesilo,,,25/09/2026 10:28
1566f10c-1042-45bc-8340-f81bfc64a401,agnate.cam,available,2.98,22.98,medium,low,6,namecheap,,,
a1feb789-0fdc-4891-9f05-3acbf5de78e2,ambitions.cam,available,8.99,17.49,medium,low,9,namesilo,,,20/09/2026 04:21
e38ba4a1-676e-46bf-9840-9ce6439a660e,moresque.cam,available,2.98,22.98,medium,low,8,namecheap,,,25/08/2026 06:01
2a5c01f4-5fa2-4886-854a-96cd557eb9c0,replacements.cam,available,2.98,22.98,medium,low,12,namecheap,,,29/09/2026 17:20
8da0567d-5d3d-4c3d-ad12-8c27706a8bdb,bam.cam,premium,854,16.52,high,low,3,namesilo,,,22/09/2026 00:34
dbe437c7-ed8c-49b4-9f41-e8d3a1ddea91,puddle.cam,available,2.98,22.98,high,low,6,namecheap,,,13/09/2026 09:43
ccb7e52f-ea21-485f-9c9d-7aacb9089a97,ancestral.cam,available,2.98,22.98,high,low,9,namecheap,,,
0d7b8570-9727-46f2-86ec-c8ab1a7c0bd7,fayetteville.cam,available,14.2,14.2,medium,low,12,cloudflare,,,28/09/2026 04:16
6854d4b9-97ec-4ce1-b378-5e5ab61b6d7e,sociology.cam,available,1.7,14.69,high,low,9,spaceship,,,30/09/2026 18:45
cbd9442e-401a-4399-8c40-f4ef4b833377,oriented.cam,available,2.98,22.98,high,low,8,namecheap,,,26/09/2026 00:29
e3b2f32b-6b71-4723-a67c-93c2d4ffcfb7,lucubrate.cam,available,2.98,22.98,medium,low,9,namecheap,,,15/08/2026 23:00
a69897c2-2de7-48a0-b5ec-6106d9687c49,springless.cam,available,2.98,22.98,low,low,10,namecheap,,,10/09/2026 16:51
32b90b4c-62e8-4752-8691-241d11a19dd4,islands.cam,available,8.99,17.49,high,low,7,namesilo,,,
3b171be3-40e1-4612-aeda-a8b8ededffb5,commissioned.cam,available,1.7,14.69,medium,low,12,spaceship,,,29/09/2026 23:15
1dcdbbea-97fc-4f27-95c7-a5c87add743e,barrage.cam,available,8.99,17.49,medium,low,7,namesilo,,,22/09/2026 07:57
3f592590-e1c3-4150-94b7-4fdf34ec8bcd,destiny.cam,premium,828.2,14.69,high,low,7,spaceship,,,29/09/2026 09:18
0f286a4e-8f04-404d-8b65-29b2a45ccfc7,unfree.cam,available,2.98,22.98,medium,low,6,namecheap,,,12/09/2026 10:43
a18232a7-adcb-4e77-a0f5-47f5ed1c022d,thumb.cam,premium,512,16.52,high,low,5,namesilo,,,25/09/2026 22:48
315b5a75-2d17-43da-a3c5-66c7f5837ce6,bellman.cam,available,2.98,22.98,medium,low,7,namecheap,,,23/09/2026 06:01
58681057-3094-4ba4-a829-1aaba4e031c8,mood.cam,premium,414.2,14.69,high,low,4,spaceship,,,29/09/2026 23:23
39974fec-5ecc-43b3-aa23-4a3e02dd03bc,molecular.cam,available,2.98,22.98,high,low,9,namecheap,,,25/08/2026 03:53
901371d3-c32b-42f2-b0ea-fa8a91c72cd8,subsets.cam,available,8.99,17.49,medium,low,7,namesilo,,,21/09/2026 01:05
ca154458-a07d-4e7e-b2c5-5609e3b55d28,formulary.cam,available,2.98,22.98,medium,low,9,namecheap,,,18/08/2026 12:20
d14be9b4-9b2d-4e7c-bba7-2cd6a233fb87,politician.cam,available,8.99,17.49,high,low,10,namesilo,,,28/09/2026 10:44
0152e57d-0f92-402f-9b24-6669ce7f4a91,invasion.cam,available,8.99,17.49,high,low,8,namesilo,,,27/09/2026 13:26
4f1e54e8-f353-472d-9dc2-bcc4f09a55a3,bashir.cam,available,1.7,14.69,medium,low,6,spaceship,,,30/09/2026 21:29
264c6a52-0fde-4b65-8f6b-f72ed5d41573,prepares.cam,available,2.98,22.98,medium,low,8,namecheap,,,30/09/2026 16:00
bf4bf456-e5ea-49fa-9d67-147710a6be56,buttercups.cam,available,29.99,29.99,medium,low,10,name.com,,,20/09/2026 19:49
249a6af2-68ac-42c7-8d89-7446324fd816,ventured.cam,available,8.99,17.49,medium,low,8,namesilo,,,29/09/2026 08:54
7133aad8-9d97-4130-bd43-6b772ac1571d,bondage.cam,premium,,,high,low,7,,,,29/09/2026 18:02
03b93b83-c618-4a9c-87ad-3d66aa4d9a1d,dee.cam,premium,520,18.2,high,low,3,namecheap,,,28/09/2026 03:28
ee6515cb-232f-4363-bb70-92ff52714582,tablespoons.cam,available,8.99,17.49,medium,low,11,namesilo,,,20/09/2026 10:16
91f8697e-524d-4257-85fe-9f2c4e66827a,nicaean.cam,available,2.98,22.98,medium,low,7,namecheap,,,03/09/2026 16:59
2d9237d1-7196-480d-884a-3a3d6df3a8da,connect.cam,resell,,,high,medium,7,Dynadot Inc,21/01/2026 01:34,21/01/2027 23:59,28/09/2026 07:46
4faf497b-787d-4ca5-bab9-e81a0d27f7c9,burgos.cam,available,14.2,14.2,medium,low,6,cloudflare,,,29/09/2026 09:52
dc49555a-c265-4b52-a447-78f8bc8a0282,beater.cam,available,2.98,22.98,high,low,6,namecheap,,,22/09/2026 21:38
396c528a-651c-4fd5-8582-a23ee6172f38,sibylline.cam,available,2.98,22.98,medium,low,9,namecheap,,,11/08/2026 12:20
845699bc-0d90-4f51-b391-bedffec13ea3,nist.cam,available,8.99,17.49,high,low,4,namesilo,,,29/09/2026 19:44
b32569ef-26c0-49ba-9820-ded0e238243a,nets.cam,premium,520,18.2,high,high,4,namecheap,,,18/09/2026 06:28
4ceed6ee-3b8d-467f-99f8-5b197f35f0c9,tokyo.cam,premium,1995,16.52,high,low,5,namesilo,,,24/09/2026 12:18
346d40f1-db0c-4bfd-b2ec-39e2a6cf4e0d,bartender.cam,available,8.99,17.49,high,low,9,namesilo,,,22/09/2026 06:18
c0ed094b-9b5b-4369-b01d-91db5b3515a9,yarrow.cam,available,8.99,17.49,medium,low,6,namesilo,,,17/09/2026 00:36
b1dc56f6-8433-4694-8f8d-3275a09d70c6,weirdness.cam,available,8.99,17.49,medium,low,9,namesilo,,,23/09/2026 23:18
6de6e4f1-906e-47e5-86a7-9e7b2c31318a,orphanage.cam,available,14.2,14.2,medium,low,9,cloudflare,,,28/09/2026 10:38
4cbf9040-423f-463b-9ede-a6950c6a5996,alizarin.cam,available,8.99,17.49,medium,low,8,namesilo,,,18/09/2026 08:12
fc148dc7-99b9-407c-8f0b-7c3e562dbdd9,reproduction.cam,available,1.7,14.69,medium,low,12,spaceship,,,29/09/2026 15:58
535a6949-6021-4648-9bdd-d24e95abe630,bierce.cam,available,8.99,17.49,medium,low,6,namesilo,,,18/09/2026 17:23
bdfe0586-8ec2-4921-86cf-9c5c558720d7,abramis.cam,available,8.99,17.49,medium,low,7,namesilo,,,16/09/2026 16:53
2e9d25b5-3b0a-4c1f-a7f3-7f0fc1136dcf,admiralty.cam,available,2.98,22.98,medium,low,9,namecheap,,,17/09/2026 08:53
95c3f87d-4268-4f0a-83be-4f27c99587b9,complicated.cam,available,1.7,14.69,high,low,11,spaceship,,,01/10/2026 01:52
9de764a0-57b9-4c69-acf2-d114f9ac0ab6,apneic.cam,available,2.98,22.98,medium,low,6,namecheap,,,06/08/2026 00:40
b53f0792-ad94-45e6-ad50-4c985d3c8626,unwilling.cam,available,2.98,22.98,medium,low,9,namecheap,,,12/09/2026 22:40
afdbed31-7af4-4c37-a686-533bc0f5980d,eatable.cam,available,2.98,22.98,medium,low,7,namecheap,,,12/08/2026 18:47
252c9002-335d-4f12-9ab2-cf67f0bdb573,sourly.cam,available,8.99,17.49,low,low,6,namesilo,,,16/09/2026 05:40
e3420e9e-dc08-4549-9cd5-ec47ecd1e1c6,argun.cam,available,2.98,22.98,medium,low,5,namecheap,,,20/09/2026 04:51
38ab5524-a4b2-43cc-bf2a-ed8aec2d1b93,participle.cam,available,2.98,22.98,medium,low,10,namecheap,,,08/09/2026 02:05
86732f35-7f44-43d7-978b-deba6b64b451,andover.cam,available,1.7,14.69,medium,low,7,spaceship,,,27/09/2026 18:38
8d5c3617-42e3-4f41-8ffb-23e5470dd7ec,decayed.cam,available,2.98,22.98,medium,low,7,namecheap,,,13/08/2026 20:59
09c9807f-9662-4643-9ea8-c780911dd869,keenly.cam,available,2.98,22.98,high,low,6,namecheap,,,15/09/2026 10:20
9898a269-6131-4015-87c5-ac8a7c71d1a8,taunt.cam,available,2.98,22.98,medium,low,5,namecheap,,,11/09/2026 09:13
28021045-adaf-4ee1-93ce-a34da918949d,winthrop.cam,available,7.72,14.93,high,low,8,porkbun,,,27/09/2026 19:50
173a03a5-2982-4aae-a1cd-76fc69591660,beckwith.cam,available,7.72,14.93,medium,low,8,porkbun,,,30/09/2026 04:37
5971a058-98e5-494b-93ba-ad9230d18517,asserted.cam,available,2.98,22.98,medium,low,8,namecheap,,,07/08/2026 05:54
7dca76cc-f3f9-4cec-a333-85a002a40516,etch.cam,available,1.7,14.69,high,low,4,spaceship,,,30/09/2026 19:14
9438c124-5369-4268-9fcb-671212767bda,explanations.cam,available,8.99,17.49,medium,low,12,namesilo,,,17/09/2026 10:05
04f80445-8a7a-48ac-b20f-418e1a737036,snide.cam,available,2.98,22.98,high,medium,5,namecheap,,,10/09/2026 12:33
f90251c3-2124-4444-b08b-a1d7640b9fb8,reverie.cam,available,2.98,22.98,high,low,7,namecheap,,,17/09/2026 21:59
48b2b7f2-3f2b-409b-8102-bb0c0f3e776e,cocker.cam,available,8.99,17.49,medium,low,6,namesilo,,,21/09/2026 13:01
d0db3518-4931-4cba-9ed0-e1d006b5fb69,colony.cam,resell,,,high,low,6,,,,27/09/2026 12:41
8c590c7d-485a-4abf-951e-712bec08a959,callaway.cam,available,1.7,14.69,high,low,8,spaceship,,,29/09/2026 23:03
fcf403bd-db5c-48d8-bede-bf3e270994a0,mckinnon.cam,available,8.99,17.49,medium,low,8,namesilo,,,30/09/2026 05:39
0085a89b-14f0-406e-95ba-ed8bdf1b9d99,rusted.cam,available,2.98,22.98,medium,low,6,namecheap,,,09/09/2026 20:17
9d727987-0855-46ae-96c2-d6a0812cd25c,boeing.cam,available,7.72,11.41,high,low,6,porkbun,,,30/09/2026 20:16
77d5be59-1347-48e9-bc39-96c62c48876a,musty.cam,available,2.98,22.98,medium,low,5,namecheap,,,18/08/2026 16:44
7aed2395-76b3-4b36-a13e-2a072569b642,plausibly.cam,available,2.98,22.98,medium,low,9,namecheap,,,14/09/2026 09:28
3e9c0214-84eb-4fca-b09a-310d4a82c464,audition.cam,resell,,,high,low,8,"Spaceship, Inc.",15/11/2025 22:29,15/11/2026 23:59,26/09/2026 04:08
ea6c1123-d826-460c-a8b6-6cc524959da0,disuse.cam,available,8.99,17.49,medium,low,6,namesilo,,,24/09/2026 23:14
2937987b-d954-4df2-bec9-3006110b0fef,umar.cam,available,1.7,14.69,high,low,4,spaceship,,,29/09/2026 11:35
31fb6abb-7931-450e-b351-64b10036d900,saws.cam,available,8.99,17.49,medium,low,4,namesilo,,,20/09/2026 09:02
3f9bece4-ea43-493d-a9a8-b0531af7eea8,geneva.cam,premium,,,high,low,6,,,,28/09/2026 09:52
c5c23488-e465-4fd7-abc6-df96f68c6bbc,webber.cam,available,8.99,17.49,medium,low,6,namesilo,,,29/09/2026 15:02
07b356c3-b624-4ef8-87f7-a50667187cbf,encounters.cam,available,1.7,14.69,medium,low,10,spaceship,,,29/09/2026 17:37
44f6d44b-778c-46d8-880b-475a12f150b4,garland.cam,available,14.2,14.2,high,low,7,cloudflare,,,30/09/2026 16:42
2438e8a9-ce96-4d27-af42-3469ee1e2ac7,effete.cam,available,2.98,22.98,medium,low,6,namecheap,,,13/08/2026 20:52
9e6cd381-a29a-476e-8440-e28630b1e8ef,heartfelt.cam,available,2.98,22.98,high,low,9,namecheap,,,21/08/2026 02:11
824ae0d4-4efd-4177-b6bd-a8c3dbd12277,lands.cam,resell,,,medium,low,5,,,,28/09/2026 04:27
d18b8cb4-6726-4653-8141-8e96126b67c2,surrender.cam,available,8.99,17.49,high,low,9,namesilo,,,28/09/2026 11:23
ef009abb-8934-4f27-b54c-c945cdd66b48,hepatic.cam,available,2.98,22.98,medium,low,7,namecheap,,,21/08/2026 06:47
7043d825-9ed8-4497-bbbf-ddcfff954e7c,watts.cam,available,1.7,14.69,high,medium,5,spaceship,,,29/09/2026 19:22
54c84cb2-af24-4f7e-a7cb-0da61ad586ba,severus.cam,available,1.7,14.69,high,low,7,spaceship,,,30/09/2026 05:41
3a931aaf-8f55-4b9a-a2b5-8aba0f9144d7,click.cam,premium,1995,16.52,high,medium,5,namesilo,,,24/09/2026 13:54
e722766b-4bb1-421c-b0e2-841ebde10305,sycophant.cam,available,8.99,17.49,medium,low,9,namesilo,,,20/09/2026 15:34
cc0caffc-9c13-4429-89f1-508185fab826,linux.cam,premium,854,16.52,high,medium,5,namesilo,,,25/09/2026 23:27
db78c347-dfb9-42cf-9866-722ab799bdfe,prettily.cam,available,2.98,22.98,medium,low,8,namecheap,,,15/09/2026 21:22
cc58b59f-513a-49dc-b1aa-cbdb26e6fa2c,transient.cam,available,8.99,17.49,high,low,9,namesilo,,,24/09/2026 14:26
b63431a7-c600-4c43-a489-afcd674b2ae5,parkway.cam,available,8.99,17.49,medium,low,7,namesilo,,,30/09/2026 10:48
ef18e2a0-d24a-4496-a0e9-4b88a2699ce9,planless.cam,available,2.98,22.98,medium,low,8,namecheap,,,
c8e16032-9da0-4f4c-ae2e-275e6a1ee679,batis.cam,available,8.99,17.49,medium,low,5,namesilo,,,22/09/2026 14:03
4487a2f6-a500-4800-b145-a5953e9b4d53,uuq.cam,available,2.98,22.98,medium,low,3,namecheap,,,20/09/2026 22:18
09d790de-71be-4145-be3e-c5e7ea081bce,cliche.cam,available,8.99,17.49,high,low,6,namesilo,,,23/09/2026 16:07
c8009aa0-1871-41bc-be30-3771363c113d,homophonic.cam,available,2.98,22.98,medium,low,10,namecheap,,,21/08/2026 13:06
115beee9-ebea-491d-8af3-e8d4f0f854c6,solicitor.cam,available,13.99,27.99,high,low,9,godaddy,,,01/10/2026 01:16
89820870-f521-4c08-b549-8b9527784eea,beigel.cam,available,2.98,22.98,high,low,6,namecheap,,,21/09/2026 17:54
55235afa-8bc3-4346-b330-04ba41928b8d,decks.cam,available,1.7,14.69,medium,low,5,spaceship,,,29/09/2026 05:44
07616231-3799-46fe-88f6-3b99695c2b69,prelude.cam,available,1.75,15.2,high,low,7,dynadot,,,30/09/2026 10:52
afb32a7d-9dfb-47ab-b78c-7911f64e2674,ravenous.cam,available,2.98,22.98,medium,low,8,namecheap,,,15/08/2026 06:13
257bf26c-f962-44eb-9096-7a7f525467ea,topping.cam,available,2.98,22.98,high,low,7,namecheap,,,11/09/2026 17:36
bb734da2-54fe-44f9-8421-f4129a18d0fb,hieroglyph.cam,available,2.98,22.98,medium,low,10,namecheap,,,21/08/2026 08:33
eee634ae-0a15-44c1-a8ad-72c494f6b842,chairs.cam,available,2.98,22.98,medium,low,6,namecheap,,,17/09/2026 18:32
fc685f43-c5f3-42d0-9aa6-03979b3cfeba,claptrap.cam,available,8.99,17.49,medium,low,8,namesilo,,,24/09/2026 03:39
77ac9cb4-4f22-4ccb-95c7-de0f321848e4,appropriately.cam,available,8.99,17.49,medium,low,13,namesilo,,,
cbdb22e4-52d7-4744-81a0-94b3932abc3a,crops.cam,available,1.7,14.69,medium,low,5,spaceship,,,29/09/2026 04:57
bf303d39-727d-47ab-aa2b-e1ce481b8e83,myoid.cam,available,2.98,22.98,low,low,5,namecheap,,,03/09/2026 12:10
76c0439b-e73c-4794-966a-fbd8a41e7863,jumpy.cam,available,2.98,22.98,medium,low,5,namecheap,,,11/08/2026 09:53
cdda0a68-bded-4741-8b91-5c628fc4fbc6,cationic.cam,available,2.98,22.98,medium,low,8,namecheap,,,11/08/2026 22:07
722caf0b-4c1a-4a4c-b350-a0775a0bb2fc,planting.cam,available,7.72,14.93,high,low,8,porkbun,,,28/09/2026 20:12
7de9bdf9-4b33-41af-ba32-15027b7746ac,chart.cam,premium,1650,15.2,high,low,5,dynadot,,,29/09/2026 08:17
2ff3ba66-bfba-4a09-b5f1-73fdbe499aaf,zoologist.cam,available,8.99,17.49,medium,low,9,namesilo,,,19/09/2026 08:43
162e0c10-2d8f-4a75-b9ee-b60a35d3c9c7,blithe.cam,available,2.98,22.98,high,low,6,namecheap,,,10/08/2026 14:37
f032c08f-27f1-4a99-8ac7-1ccf0872b354,salvadoran.cam,available,2.98,22.98,high,medium,10,namecheap,,,09/09/2026 21:01
9b592c73-0fd5-40c1-a50b-8fbdfbdc1c1a,tending.cam,available,2.98,22.98,high,low,7,namecheap,,,11/09/2026 11:15
40bb7046-9648-405c-8073-d339872d82b0,connors.cam,available,1.7,14.69,medium,low,7,spaceship,,,29/09/2026 06:24
ac5d33a2-8889-44db-aa75-d079cdcb7664,ambler.cam,available,8.99,17.49,medium,low,6,namesilo,,,18/09/2026 17:07
fe4e21ed-c98c-4dca-a6ee-a30694d0d524,they.cam,available,8.99,17.49,high,low,4,namesilo,,,30/09/2026 22:20
d29a7c64-ef1f-47ad-b62b-e94c9babc395,rescued.cam,available,2.98,22.98,high,low,7,namecheap,,,09/09/2026 11:35
ae5f4a3b-d936-4fbc-a503-ddbeb5df5719,cohen.cam,available,8.99,17.49,high,low,5,namesilo,,,27/09/2026 03:21
5e4871d4-f791-417b-9830-cb42ab8aa482,wanness.cam,available,2.98,22.98,medium,low,7,namecheap,,,17/09/2026 01:08
0b437607-8dfd-4276-8f0a-a07681b633e5,guangzhou.cam,premium,520,18.2,medium,low,9,namecheap,,,28/09/2026 13:37
535d81b7-5476-4d2d-9cd6-0645ce261cc0,redemption.cam,available,2.98,22.98,high,low,10,namecheap,,,29/09/2026 05:37
5a315f22-6839-45c3-bee3-10f1ffc95bdc,dehydrate.cam,available,2.98,22.98,medium,low,9,namecheap,,,14/08/2026 03:38
b85d1cde-5f98-4a5c-b92f-84409159b3b1,night.cam,premium,1040,18.2,high,low,5,namecheap,,,30/09/2026 05:42
90fb056d-c0f5-4777-8746-3769d8d13a37,sri.cam,premium,1552.7,14.69,high,low,3,spaceship,,,30/09/2026 12:46
556b40a2-cd55-42c7-be2a-b9dd9dd25bbd,patriots.cam,available,1.7,14.69,high,low,8,spaceship,,,29/09/2026 17:47
27e105c6-a3be-4631-9112-51821f838051,parvati.cam,available,2.98,22.98,medium,low,7,namecheap,,,19/09/2026 02:21
8926e07d-8f1d-4b36-939b-18ba2749ba36,expressing.cam,available,1.7,14.69,medium,low,10,spaceship,,,29/09/2026 05:05
246b65e4-f18f-4993-8bf9-740f166ae4c3,collar.cam,available,8.99,17.49,high,low,6,namesilo,,,20/09/2026 09:02
06a8c4a4-f531-476e-8610-cd08719e87bd,heartbreak.cam,available,8.99,17.49,high,low,10,namesilo,,,30/09/2026 00:54
3701fbe3-8641-4c66-bb79-e3c5722b3fd5,moire.cam,available,2.98,22.98,medium,low,5,namecheap,,,25/08/2026 03:26
add8290a-a779-4a47-b87c-b4883ad19fce,offended.cam,available,2.98,22.98,medium,low,8,namecheap,,,04/09/2026 01:24
da17fac1-729b-42c8-8c02-2ee4a702e2fe,happen.cam,available,8.99,17.49,high,low,6,namesilo,,,25/09/2026 06:00
77a3e932-9064-4137-a801-915cd18342bd,buyers.cam,resell,,,medium,low,6,,,,29/09/2026 05:47
3046fcef-6de9-4415-9540-c1d2efcbe46f,bonnie.cam,available,2.98,22.98,high,low,6,namecheap,,,10/08/2026 18:47
19ecc378-df49-42c5-812e-c666604ba413,concerned.cam,available,2.98,22.98,high,low,9,namecheap,,,23/09/2026 18:58
1e11e1b4-0b0e-41f1-ae29-351adeb03628,dominate.cam,available,2.98,22.98,high,low,8,namecheap,,,16/09/2026 01:33
d602456c-e574-4e36-95ff-de914f903f71,expresses.cam,available,8.99,17.49,medium,low,9,namesilo,,,30/09/2026 23:32
12ad41c9-b81d-4509-a6e9-90750a69befd,fold.cam,available,1.7,14.69,high,low,4,spaceship,,,28/09/2026 14:00
461cbb3b-aa19-458f-af55-2864f8babe30,gnp.cam,premium,,,high,low,3,,,,30/09/2026 01:45
f6467831-794c-483d-8518-e6a1d6a1b4b5,sloe.cam,available,2.98,22.98,medium,low,4,namecheap,,,18/09/2026 10:21
dd513736-0043-4b6f-be51-11a4a4352e8f,walkabout.cam,available,8.99,17.49,high,low,10,namesilo,,,
98735bfd-547b-4384-a596-4a884779b905,revolutionary.cam,available,8.99,17.49,high,low,13,namesilo,,,28/09/2026 07:08
2670056d-e11f-434f-8dfb-6c94e2d3d4a5,advent.cam,available,8.99,17.49,high,low,6,namesilo,,,17/09/2026 10:31
c40e107d-b0c6-448c-9627-00bdbe4becfc,reduced.cam,available,2.98,22.98,medium,low,7,namecheap,,,13/08/2026 22:10
7107ca41-13c1-4885-a8fd-b72cef8b8306,skirting.cam,available,8.99,17.49,medium,low,8,namesilo,,,20/09/2026 08:31
99fd17c6-7943-49c3-9560-381fd2460000,excitedly.cam,available,2.98,22.98,medium,low,9,namecheap,,,14/09/2026 16:52
9620bd5f-9836-4544-948a-7939b19bd2fb,lasting.cam,available,8.99,17.49,high,low,7,namesilo,,,24/09/2026 12:31
a0f61e18-1c0a-4c25-9b65-9c45d09a91ab,aphesis.cam,available,8.99,17.49,medium,low,7,namesilo,,,19/09/2026 16:55
e962e8c1-7c2f-404f-bbea-0e2fdc12865b,vegan.cam,premium,854,16.52,high,medium,5,namesilo,,,30/09/2026 14:24
64f4d350-b7fe-4639-98eb-a26f7bf2362e,rightfully.cam,available,2.98,22.98,medium,low,10,namecheap,,,15/09/2026 23:44
893bd0c4-24a1-4fc2-a510-2af77ad13faf,intertidal.cam,available,2.98,22.98,high,low,10,namecheap,,,22/08/2026 08:21
44d54e9f-7765-4af1-be6c-76e2a8709fd4,strawberry.cam,resell,,,high,low,10,Dynadot Inc,06/07/2026 00:01,06/07/2027 23:59,29/09/2026 22:40
a85d8f53-f082-4e51-becf-2cf053a12e9f,cbc.cam,premium,414.2,14.69,high,low,3,spaceship,,,28/09/2026 00:59
ff38a466-353e-40c1-b3fc-3add21dbc76a,reproductive.cam,available,8.99,17.49,high,low,12,namesilo,,,29/09/2026 14:35
a0129f3f-4ed8-4c4e-ac69-25438dad1594,metacarpal.cam,available,2.98,22.98,medium,low,10,namecheap,,,24/08/2026 21:30
bce634bb-70a0-4041-af2d-963192f41a90,sayonara.cam,available,8.99,17.49,high,low,8,namesilo,,,17/09/2026 08:15
f500f241-10e4-4f00-9cca-ec972162c5d2,theory.cam,premium,414.2,14.69,high,low,6,spaceship,,,28/09/2026 12:34
57a78f93-6966-488e-89bf-8853fd688333,gabrielle.cam,available,8.99,17.49,medium,low,9,namesilo,,,28/09/2026 21:50
72ae060e-b048-4151-9c5d-c623aeac6224,busily.cam,available,2.98,22.98,medium,low,6,namecheap,,,14/09/2026 01:53
45d54594-da5b-4b00-89fe-0342e8916d46,matured.cam,available,2.98,22.98,medium,low,7,namecheap,,,18/08/2026 17:58
e255fa75-dbea-4f45-a61a-e963f009b967,mcneil.cam,available,1.7,14.69,high,medium,6,spaceship,,,28/09/2026 17:55
ad8f4f35-a703-45bb-b121-ea010128ad1a,warship.cam,resell,,,medium,low,7,,,,01/10/2026 01:30
00c712a1-5f02-4412-bcff-aa29def05107,arava.cam,available,8.99,17.49,medium,low,5,namesilo,,,20/09/2026 00:28
c08254b1-327d-4186-9144-bb0a56532bc6,iodine.cam,available,2.98,22.98,high,low,6,namecheap,,,21/08/2026 17:24
1c4726a1-b4cf-4a5f-94a7-403b001af8e7,minsk.cam,available,14.2,14.2,high,low,5,cloudflare,,,28/09/2026 05:24
eb4f8d23-8832-460e-8b2a-bf315a4e2710,bonkers.cam,available,2.98,22.98,medium,low,7,namecheap,,,06/08/2026 20:40
47d7fdba-d7f7-4e32-b8c7-2d9ed14d1488,glittery.cam,available,2.98,22.98,high,low,8,namecheap,,,
950f0fc5-fc49-4efa-85e2-e914ae3e5757,arthurian.cam,available,2.98,22.98,medium,low,9,namecheap,,,06/08/2026 23:21
8ae665fc-f76a-4eaa-90ef-68ba88aaeafd,conqueror.cam,available,2.98,22.98,high,low,9,namecheap,,,24/09/2026 17:25
8ddd1026-bc34-4604-9755-ae1807464e74,ottoman.cam,available,2.98,22.98,high,low,7,namecheap,,,04/09/2026 18:38
7035cbcf-7292-4835-824a-028111802474,oxidised.cam,available,2.98,22.98,medium,low,8,namecheap,,,04/09/2026 22:28
28de5957-9ddb-4a4a-bc72-9d2f34bdcfee,disulfiram.cam,available,2.98,22.98,medium,low,10,namecheap,,,19/09/2026 12:22
003d0583-c14c-4c92-9cea-590c69218feb,hectically.cam,available,2.98,22.98,medium,low,10,namecheap,,,14/09/2026 20:02
e228a536-727e-4db6-8b2a-19d2025b4626,banging.cam,available,2.98,22.98,high,low,7,namecheap,,,08/08/2026 13:03
f065685e-7cb3-4551-9f2a-b044e96d66e3,heavily.cam,available,2.98,22.98,medium,low,7,namecheap,,,21/08/2026 05:28
aa7d3191-2022-42ab-b421-ef28c886e570,somali.cam,available,2.98,22.98,high,low,6,namecheap,,,10/09/2026 13:58
5858b5a6-b9dd-4eaf-be6a-fae70141f8f3,livelihood.cam,available,8.99,17.49,high,low,10,namesilo,,,29/09/2026 00:16
cb1f307e-5da9-4791-8103-e8c50385aa26,gut.cam,premium,414.2,14.69,high,low,3,spaceship,,,28/09/2026 01:05
8ef8691a-163d-495e-9402-bae9efe63bd0,savagery.cam,available,8.99,17.49,medium,low,8,namesilo,,,22/09/2026 04:29
0bb1c00f-8139-4c9a-8c30-d10c20da7cf0,montgomery.cam,available,8.99,17.49,high,low,10,namesilo,,,16/09/2026 12:22
232616a0-b481-4701-a4f3-6f82f0061566,paraguayan.cam,available,2.98,22.98,medium,low,10,namecheap,,,08/09/2026 00:55
fb9db79a-1efb-4881-9307-46cb6a3ffa21,insects.cam,available,1.7,14.69,medium,low,7,spaceship,,,28/09/2026 22:56
ed5b2af1-08e5-47f7-8f18-ecfab98f73c1,moorhead.cam,available,2.98,22.98,medium,low,8,namecheap,,,30/09/2026 05:19
8ea5ee16-251e-4718-9053-91708191268c,posed.cam,available,2.98,22.98,high,low,5,namecheap,,,09/09/2026 00:04
2d4ef39e-9aab-4fb4-a67c-5799ba0f96ea,manic.cam,available,2.98,22.98,medium,low,5,namecheap,,,18/08/2026 15:04
fcf1e075-b7c2-4da7-9f8c-05cab2692176,moderately.cam,available,8.99,17.49,medium,low,10,namesilo,,,25/09/2026 12:00
a6a2eee4-b577-4a6a-aed0-cb746c6a6a64,arcadian.cam,available,2.98,22.98,high,low,8,namecheap,,,06/08/2026 14:10
273a7673-bc36-42e3-a7e1-18a0414cf64d,melodious.cam,available,2.98,22.98,high,low,9,namecheap,,,24/08/2026 19:38
89cb599c-7002-4a23-8930-761c4b732a77,clock.cam,premium,1995,16.52,high,low,5,namesilo,,,29/09/2026 10:09
2d8c961d-733c-4726-bcb6-454d67cb6b79,fins.cam,available,8.99,17.49,medium,low,4,namesilo,,,30/09/2026 06:35
0897d181-593f-4321-bfa3-ef2d27f802cf,ounces.cam,available,2.98,22.98,medium,low,6,namecheap,,,16/09/2026 11:16
2e549d23-30ab-4f1a-bbe9-9016bc3287cc,determinant.cam,available,7.72,11.41,high,low,11,porkbun,,,30/09/2026 19:21
cba9cbde-600a-4517-b6bd-9ef851da113a,whipping.cam,available,2.98,22.98,medium,low,8,namecheap,,,22/08/2026 20:12
ef10f364-de9a-406a-8616-4ae1f903f6e3,reviewed.cam,available,1.75,15.2,medium,low,8,dynadot,,,29/09/2026 05:52
54ffc76e-a248-48f0-a12b-a80bf894cd44,aiglet.cam,available,2.98,22.98,medium,low,6,namecheap,,,17/09/2026 18:23
3d98fc15-1bd0-4844-bf17-bccb513816b6,vibrant.cam,available,2.98,22.98,high,low,7,namecheap,,,13/09/2026 05:05
1f6ae558-d8b6-46a0-b79d-4acdf672d9dc,aardwolf.cam,available,8.99,17.49,medium,low,8,namesilo,,,19/09/2026 15:52
7492c491-ae81-4443-a5a5-2ae5d1924e75,recite.cam,available,7.72,14.93,high,low,6,porkbun,,,29/09/2026 20:08
4151f8e1-bc50-4f0f-b8f4-52f77600ff4a,script.cam,premium,1950,18.2,high,low,6,namecheap,,,08/09/2026 13:57
3f398b4a-cbf1-452b-a944-d7ac3368d0cd,foote.cam,available,8.99,17.49,medium,low,5,namesilo,,,28/09/2026 08:03
7908420c-f384-416e-a59b-32d2a34b324d,ano.cam,premium,520,18.2,high,low,3,namecheap,,,16/09/2026 18:45
38b56c99-c6fc-448a-8822-c0ea13d29352,martha.cam,available,8.99,17.49,high,low,6,namesilo,,,01/10/2026 00:59
71b7db6c-64a4-44f5-b215-f28797a4ee96,halting.cam,available,2.98,22.98,medium,low,7,namecheap,,,13/08/2026 07:02
5b61d9b8-53a4-40b4-b187-860cc086d308,spying.cam,resell,,,high,low,6,,,,29/09/2026 06:49
dfaecd0e-6703-4fe7-bbca-7e0bfa5e86c3,narcotics.cam,available,1.7,14.69,medium,low,9,spaceship,,,28/09/2026 22:46
7b0d802c-7eb3-4690-b381-69e6891745d6,alexanders.cam,available,8.99,17.49,medium,low,10,namesilo,,,18/09/2026 05:47
026b6386-178e-4bea-b7e9-f46a83a7fd16,trigger.cam,available,8.99,17.49,high,low,7,namesilo,,,25/09/2026 06:46
1e42e979-2b1d-4ecd-bd25-6c38d1c30c33,convert.cam,resell,,,high,low,7,Porkbun LLC,08/01/2024 12:38,08/01/2027 23:59,26/09/2026 05:14
be00d476-6107-469c-b00b-782f671ca4e1,mildness.cam,available,8.99,17.49,high,low,8,namesilo,,,24/09/2026 15:30
1b4da102-42a4-40c7-ba26-7b0b23fde971,restoring.cam,available,8.99,17.49,medium,low,9,namesilo,,,30/09/2026 15:39
d9f256c6-3b9a-46c0-bea9-9c602bf46939,nineties.cam,available,8.99,17.49,medium,low,8,namesilo,,,16/09/2026 12:01
24c18a8b-08b3-477e-a4bc-a2e78f3c5d52,transcription.cam,available,8.99,17.49,high,low,13,namesilo,,,29/09/2026 23:27
5337e721-b129-4b00-80e5-b06f4919b271,blixen.cam,available,8.99,17.49,medium,low,6,namesilo,,,22/09/2026 07:24
ada01aab-3b5a-4bd3-a8fd-7f514b07d0cd,hedged.cam,available,2.98,22.98,medium,low,6,namecheap,,,21/08/2026 05:50
b6747ba2-8684-438e-a8b9-b261af2d6993,mons.cam,available,8.99,17.49,high,low,4,namesilo,,,28/09/2026 14:54
46943783-b185-4445-b475-f48388ffbef8,stranger.cam,premium,1995,16.52,high,low,8,namesilo,,,30/09/2026 12:11
390955f4-b081-48db-af1d-480295be69a4,federated.cam,available,2.98,22.98,high,low,9,namecheap,,,18/08/2026 00:38
6af8d701-d869-46eb-a856-e40df12beba8,bra.cam,premium,1040,18.2,high,low,3,namecheap,,,29/09/2026 00:58
7ef707b0-c3a5-4bf5-a02d-6de66f8bab81,neverending.cam,available,22.98,,high,low,12,namecheap,,,
795048e9-d9a8-4b5a-8ac4-9cb0057eea0b,shamanist.cam,available,2.98,22.98,medium,low,9,namecheap,,,10/09/2026 05:49
a616b8d6-c573-4bfd-8bce-6d9e38f1bd32,astatine.cam,available,8.99,17.49,medium,low,8,namesilo,,,20/09/2026 16:55
89596d51-c118-4c36-af24-72c97548b490,reducible.cam,available,2.98,22.98,high,medium,9,namecheap,,,09/09/2026 12:24
b6e55f05-b118-4960-864a-0d83bbef8fb4,bedpost.cam,available,8.99,17.49,high,low,7,namesilo,,,22/09/2026 23:29
86f617ec-206e-424b-8ab3-8b0b18f0a4d9,valuables.cam,available,8.99,17.49,high,low,9,namesilo,,,30/09/2026 23:28
494f7df7-2594-48e4-bc79-0dc0b0eac58b,celluloid.cam,available,2.98,22.98,high,low,9,namecheap,,,11/08/2026 23:34
b4b53636-50df-4186-84ae-05475d6bbf25,preferable.cam,available,2.98,22.98,high,medium,10,namecheap,,,09/09/2026 01:36
04e06d69-82a1-4acd-bc1f-20f21b31a55a,knockabout.cam,available,2.98,22.98,medium,low,10,namecheap,,,22/08/2026 16:33
94e64102-8e33-4086-9897-2841b27baafb,square.cam,premium,512,16.52,high,medium,6,namesilo,,,19/09/2026 16:04
47ca982e-a6e1-4b63-aa33-a7a64c37e686,andy.cam,premium,1995,16.52,high,medium,4,namesilo,,,25/09/2026 12:45
e3fed2d4-6d4a-4860-b3f9-32be85f4ecd7,ses.cam,premium,854,16.52,high,low,3,namesilo,,,28/09/2026 12:11
2a8ef977-4978-4cdb-a24f-1ac4fcc70f1f,boast.cam,available,2.98,22.98,high,low,5,namecheap,,,11/08/2026 01:02
d4456cd9-f6c9-472b-a16c-593ef6638a11,netherlands.cam,available,8.99,17.49,high,high,11,namesilo,,,
b31ec138-344a-40ba-8556-17f457cbb7aa,arachnid.cam,available,8.99,17.49,medium,low,8,namesilo,,,19/09/2026 23:40
78ee7d28-6d64-4bd5-a35e-a6ed70513ee6,acanthurus.cam,available,2.98,22.98,medium,low,10,namecheap,,,16/09/2026 20:58
57066fcb-c816-4dcf-af11-d549cc6be598,assaulter.cam,available,8.99,17.49,medium,low,9,namesilo,,,17/09/2026 17:42
72c36d46-50f6-4802-aa8e-4b704dfc8e9e,absinth.cam,available,2.98,22.98,medium,low,7,namecheap,,,16/09/2026 17:44
c6a496f0-8a70-4811-a24c-6d841793735e,gives.cam,available,8.99,17.49,medium,low,5,namesilo,,,18/09/2026 13:54
938626d4-5a28-47a1-acaf-5e4200eb290b,libertine.cam,premium,1875,29.99,medium,low,9,name.com,,,13/08/2026 20:22
2723fbc0-27a2-4cff-8ccc-290cb88755bf,lofty.cam,available,2.98,22.98,high,low,5,namecheap,,,17/08/2026 15:42
dc644cfe-eb63-400c-979b-ea62a7dac583,fizzle.cam,available,2.98,22.98,medium,low,6,namecheap,,,11/08/2026 11:19
c6afa912-e285-402e-ab61-2aa8bd8c8ea6,fractions.cam,available,8.99,17.49,medium,low,9,namesilo,,,20/09/2026 01:27
e2f7444e-9788-4408-bff6-8d5465209afd,concepts.cam,available,7.72,14.93,medium,low,8,porkbun,,,29/09/2026 22:50
f7536ea6-0275-4973-bbcc-4d254d9371ee,calculable.cam,available,2.98,22.98,medium,low,10,namecheap,,,11/08/2026 13:54
db1ed676-c6e1-41be-9b52-4f2092e4eb6a,tragic.cam,available,1.7,14.69,medium,low,6,spaceship,,,28/09/2026 09:28
dc3a457e-26dc-4565-9115-971bdcf690f8,inwards.cam,available,2.98,22.98,high,low,7,namecheap,,,21/08/2026 23:32
e003d2b9-f86e-4f0f-ad2e-dcea9ff6e7ee,elegance.cam,available,2.98,22.98,high,low,8,namecheap,,,30/09/2026 09:32
37530a36-5f79-4d8b-8c93-7e53128d93ab,temerity.cam,available,8.99,17.49,medium,low,8,namesilo,,,21/09/2026 02:48
2f1c63e7-382a-4903-b809-d60c56baacfb,albino.cam,available,8.99,17.49,high,low,6,namesilo,,,18/09/2026 02:58
3bef7d8f-b0cb-472a-b572-8ce7d19efdf3,sizable.cam,available,2.98,22.98,high,low,7,namecheap,,,20/08/2026 16:38
1080f38b-4184-4a83-9da2-a5052e4fbab1,gaol.cam,available,2.98,22.98,medium,low,4,namecheap,,,08/09/2026 22:46
0e03e252-dc7f-44b1-b202-7853e1ccbf83,overage.cam,available,2.98,22.98,medium,low,7,namecheap,,,04/09/2026 19:59
d741d21e-1f54-470b-8ff6-fa8ab5e28318,drills.cam,available,8.99,17.49,medium,low,6,namesilo,,,30/09/2026 15:41
227e31a5-095b-49a8-98f4-3d7d43467407,senescence.cam,available,8.99,17.49,medium,low,10,namesilo,,,17/09/2026 16:52
fa4754b3-de5d-41bb-927e-b281194fd95d,borrow.cam,available,8.99,17.49,high,low,6,namesilo,,,30/09/2026 16:13
9c388f1d-6826-4165-a7f9-fc556b8c271d,loses.cam,available,8.99,17.49,medium,low,5,namesilo,,,27/09/2026 11:07
b71d86e7-fcb1-47d6-b7e2-076f76bd934d,anile.cam,available,2.98,22.98,medium,low,5,namecheap,,,
2a47eea3-a19f-465d-8d69-f88572089002,friar.cam,available,2.98,22.98,medium,low,5,namecheap,,,24/08/2026 20:10
1ab767f9-c1ed-41c6-b869-3ac38455e13b,draining.cam,available,2.98,22.98,medium,low,8,namecheap,,,14/08/2026 18:19
688825e1-40af-4945-8844-4cd4e2d36be7,masked.cam,available,2.98,22.98,high,low,6,namecheap,,,12/08/2026 11:32
d8eeb508-b9fb-47d3-80ee-17ae0eb4d327,batfish.cam,available,29.99,29.99,medium,low,7,name.com,,,22/09/2026 13:14
7abd4adb-20bd-4812-8884-ad335b00920e,unloved.cam,available,2.98,22.98,medium,low,7,namecheap,,,12/09/2026 15:10
858c30cf-59ac-4c17-b4f9-a4989103de24,hep.cam,premium,500,29.99,high,low,3,name.com,,,21/08/2026 06:44
a38b71f2-ce9e-4616-b21a-2af2969328a0,wade.cam,available,14.2,14.2,high,low,4,cloudflare,,,28/09/2026 06:51
041a719f-48af-4d22-8663-28550be7485f,tannic.cam,available,2.98,22.98,medium,low,6,namecheap,,,11/09/2026 08:01
64517285-5c08-4fae-9659-bb318a98af1d,eps.cam,premium,414.2,14.69,high,low,3,spaceship,,,27/09/2026 19:02
2a3c46fc-52b4-42e8-8b52-a769a748a2af,deflection.cam,available,2.98,22.98,high,low,10,namecheap,,,24/09/2026 21:20
9e1e1126-f0d4-4df2-aff9-50aa953b932c,aggressive.cam,available,8.99,17.49,high,low,10,namesilo,,,21/09/2026 22:59
63534a55-4579-4b6b-95b0-e54bd2563b86,practicality.cam,available,8.99,17.49,high,low,12,namesilo,,,16/09/2026 09:33
93cf7812-9554-4821-bf15-12a8b6e0e774,brutality.cam,available,8.99,17.49,medium,low,9,namesilo,,,22/09/2026 04:26
852a2577-b2b5-461e-ac53-3792952ff95e,barbecued.cam,available,2.98,22.98,medium,low,9,namecheap,,,08/08/2026 16:25
6dfee101-287e-407d-8c4a-aacaf436062d,prosecutors.cam,available,8.99,17.49,medium,low,11,namesilo,,,30/09/2026 00:33
ec7b9913-1077-4cc8-8c7c-60648244bb57,drains.cam,available,8.99,17.49,medium,low,6,namesilo,,,29/09/2026 17:12
d1355c9b-04ac-4b7f-95fe-92b08bd50245,sleeved.cam,available,2.98,22.98,medium,low,7,namecheap,,,10/09/2026 10:43
e6f6466b-44d7-4fee-bc7e-9201303d0794,segregated.cam,available,2.98,22.98,medium,low,10,namecheap,,,10/09/2026 01:51
6af621cc-87b7-4188-8363-441bd6bd020c,limousine.cam,available,8.99,17.49,high,low,9,namesilo,,,30/09/2026 10:27
fb8ebd07-e6bf-4fe2-a5f6-393f7f8a5668,casualty.cam,available,14.2,14.2,medium,low,8,cloudflare,,,28/09/2026 18:35
fb4c6dd5-6ee1-46f4-8058-8df28ff71756,managerial.cam,available,2.98,22.98,high,low,10,namecheap,,,24/08/2026 14:32
4d492387-8d4a-42bb-b69f-f79333c119ae,capsulate.cam,available,2.98,22.98,medium,low,9,namecheap,,,11/08/2026 18:10
66c461fe-bef3-44aa-9178-bcff91e9145f,abe.cam,available,8.99,17.49,high,low,3,namesilo,,,25/09/2026 11:28
8e063af8-2128-4c5c-b39c-b03aefe28a4f,kurosawa.cam,available,8.99,17.49,medium,low,8,namesilo,,,18/09/2026 00:08
c4b0e6f0-477d-4f94-9f58-016321dc8ce5,terminators.cam,available,2.98,22.98,low,low,11,namecheap,,,20/09/2026 12:06
3148dd11-815d-4e50-85ec-5d14b44473fd,barcelona.cam,available,8.99,17.49,high,low,9,namesilo,,,22/09/2026 05:08
e66573b5-382d-4d0e-bcbe-8b9bafd6a32c,warnings.cam,available,14.2,14.2,low,low,8,cloudflare,,,29/09/2026 17:44
a977edba-8715-403c-9ec2-cdf2665d791e,unipolar.cam,available,2.98,22.98,medium,low,8,namecheap,,,12/09/2026 13:46
1ec7b9d3-dedb-46ce-9029-7566a8f12e0b,gastropod.cam,available,2.98,22.98,medium,low,9,namecheap,,,12/09/2026 14:04
e69c1a6d-9afd-4da2-ab6d-52ee6f94b1f2,thigh.cam,available,1.7,14.69,high,low,5,spaceship,,,29/09/2026 02:11
ee410e01-e136-4216-8695-0961b81935f7,lloyds.cam,available,14.2,14.2,high,medium,6,cloudflare,,,30/09/2026 04:32
20ef4277-208a-406a-9230-d711dafbae25,animist.cam,available,2.98,22.98,medium,low,7,namecheap,,,
2f4531d0-c0f8-4558-98f7-27e4f4c3eb5c,chernobyl.cam,available,7.72,14.93,medium,low,9,porkbun,,,29/09/2026 11:54
b947c121-5edb-4366-957d-9768255cc2ff,terminating.cam,available,2.98,22.98,medium,low,11,namecheap,,,08/09/2026 14:51
6b05cb7f-18cb-4196-ab28-ea477798c248,finally.cam,available,8.99,17.49,high,low,7,namesilo,,,28/09/2026 12:41
768d4419-6ed6-4c78-99b7-9c11c1e91d95,steer.cam,available,8.99,17.49,high,low,5,namesilo,,,29/09/2026 10:54
ab1670f1-692f-442b-9c68-a25c88e1a698,mclaren.cam,available,8.99,17.49,high,high,7,namesilo,,,28/09/2026 07:30
0ba80406-ce90-49de-a6c0-50f2860c8ed9,machiavelli.cam,available,8.99,17.49,high,low,11,namesilo,,,30/09/2026 04:12
44df85ac-af39-49f9-860d-19091ecb8174,wads.cam,available,2.98,22.98,high,low,4,namecheap,,,14/09/2026 23:30
b01b7fbb-8434-46d6-acf1-8f5c7571d922,physic.cam,available,8.99,17.49,medium,low,6,namesilo,,,28/09/2026 07:44
0d46f499-c948-4db8-a083-00cb6426dc16,captive.cam,available,2.98,22.98,high,low,7,namecheap,,,
a74c4f3d-d973-483f-9b1c-b6dbe56407f1,pierre.cam,premium,512,16.52,high,low,6,namesilo,,,24/09/2026 12:24
46f240f1-cb34-4fc1-a32b-d95fd51e44ea,arrested.cam,available,2.98,22.98,medium,low,8,namecheap,,,17/09/2026 20:22
b4178aac-feb9-438e-85cd-0a3f59dd5308,booker.cam,resell,,,high,low,6,,,,30/09/2026 00:51
48df0759-c141-47b3-a682-5a61e66beeb5,blatant.cam,available,2.98,22.98,medium,low,7,namecheap,,,10/08/2026 13:31
5135138e-6547-4c89-97f5-47177713b2c9,lied.cam,available,8.99,17.49,high,low,4,namesilo,,,25/09/2026 08:58
69b9deef-9855-4517-b550-276f8d2d9a3d,dietetic.cam,available,2.98,22.98,medium,low,8,namecheap,,,14/08/2026 06:56
3359c1e2-27f4-4878-bc09-3d32b3a37f43,front.cam,premium,854,16.52,high,low,5,namesilo,,,24/09/2026 21:48
abcebab5-8386-4a29-b275-27496c4e3161,appall.cam,available,8.99,17.49,medium,low,6,namesilo,,,18/09/2026 01:55
18563961-39d1-44ca-9953-67d548bd6abe,monotone.cam,available,2.98,22.98,high,low,8,namecheap,,,25/08/2026 05:25
8ad6290a-c465-4bd5-b6e5-329fd58fcf99,canberra.cam,available,29.99,29.99,high,low,8,name.com,,,21/09/2026 04:47
0c93a57c-f79a-48eb-9746-12aff88449d8,heath.cam,available,1.7,14.69,high,low,5,spaceship,,,30/09/2026 17:33
5fcb4fcd-4de3-4616-b3d3-7e8c091275fe,asphodel.cam,available,8.99,17.49,medium,low,8,namesilo,,,20/09/2026 15:08
9f8fd84b-1bbe-420d-b32d-9f69f1f40f13,cleansing.cam,available,2.98,22.98,high,low,9,namecheap,,,
9e584f63-1eaa-4b0b-8a9b-7a146ff4a76e,windblown.cam,available,2.98,22.98,medium,low,9,namecheap,,,13/09/2026 12:08
f699d865-0988-4829-bae9-21dec70bde9d,marbled.cam,available,2.98,22.98,medium,low,7,namecheap,,,24/08/2026 15:47
a4b4aca5-358f-460e-8309-9ac0d7684391,monkey.cam,premium,828.2,14.69,high,medium,6,spaceship,,,30/09/2026 05:09
1568c959-6202-49c6-8e86-cabf05aaa44c,turkmen.cam,available,2.98,22.98,medium,low,7,namecheap,,,11/09/2026 21:19
fbafcb3f-4c12-4fd7-8863-315bbf1c2617,prevailing.cam,available,2.98,22.98,high,medium,10,namecheap,,,09/09/2026 01:27
922acab3-9527-484a-b62b-96e481fea2c6,bargeman.cam,available,2.98,22.98,medium,low,8,namecheap,,,22/09/2026 05:46
9322a990-5554-484f-8e0f-36926653f10c,mother.cam,premium,1552.7,14.69,high,low,6,spaceship,,,29/09/2026 19:00
4074e0ad-2239-4d01-9c7e-3c578da79a82,pokey.cam,available,2.98,22.98,medium,low,5,namecheap,,,14/08/2026 07:36
817c6a4d-6a71-4702-bc5f-c187bfb13003,sequent.cam,available,2.98,22.98,high,low,7,namecheap,,,
c9a26bbf-343a-403d-a497-f8623705e945,bridges.cam,available,8.99,17.49,high,low,7,namesilo,,,29/09/2026 04:06
9216b0da-d0e9-46fe-a770-4731c4a6bf7e,famished.cam,available,2.98,22.98,medium,low,8,namecheap,,,17/08/2026 13:41
937dc96d-65ec-4e0b-87e0-0d5626949c3b,aliform.cam,available,2.98,22.98,medium,low,7,namecheap,,,
187dc238-8d11-4997-b2bf-12bdf22cb078,meatless.cam,available,2.98,22.98,medium,low,8,namecheap,,,24/08/2026 18:33
8135eaab-1e3e-46fd-b763-6c9c3afc9351,angular.cam,available,8.99,17.49,high,low,7,namesilo,,,22/09/2026 04:30
76fe49a9-6d68-4bd4-8286-832869257fb1,honey.cam,premium,1875,29.99,high,medium,5,name.com,,,09/08/2026 13:51
e3a316c9-c616-47ca-a290-e742e2456912,humongous.cam,available,2.98,22.98,medium,low,9,namecheap,,,08/08/2026 12:58
f1b78eab-869b-4d4c-8046-2a7eca6910e9,downmarket.cam,available,2.98,22.98,medium,low,10,namecheap,,,14/08/2026 17:48
66dd0fb1-7d18-403e-bd99-6d5ad4fdb2ae,coated.cam,available,2.98,22.98,medium,low,6,namecheap,,,12/08/2026 14:14
3a3d8e7f-f917-40bf-8992-68bd5a62e46a,certified.cam,available,2.98,22.98,high,low,9,namecheap,,,08/09/2026 15:28
ce6fb369-5321-48e5-a281-3c325718d60d,vampires.cam,available,1.7,14.69,medium,low,8,spaceship,,,28/09/2026 13:22
27d9c838-686d-422c-84b0-27d65f298b45,window.cam,premium,854,16.52,high,low,6,namesilo,,,30/09/2026 14:44
88205479-f0cd-43fb-86ef-dfd7358544aa,sphinx.cam,available,7.72,14.93,high,low,6,porkbun,,,01/10/2026 03:50
784b6997-8efa-474e-8668-553a9382ce93,aimed.cam,available,14.2,14.2,high,low,5,cloudflare,,,29/09/2026 10:43
4d99e601-5322-4d82-9ada-5e83dcca8a34,unborn.cam,available,2.98,22.98,high,low,6,namecheap,,,12/09/2026 02:23
e7543d4f-1f85-4533-bf1a-a7a3e46cffa5,chirping.cam,available,8.99,17.49,high,low,8,namesilo,,,
2b38f6dd-cd3d-45c3-9c1e-0eb5edb5006c,inch.cam,premium,512,16.52,high,low,4,namesilo,,,25/09/2026 08:00
64fccafa-b71e-4b38-968b-7fa012e90dcb,telescopic.cam,available,2.98,22.98,medium,low,10,namecheap,,,11/09/2026 10:24
caf0a51d-106b-4e3d-8d4f-539998a96bae,shush.cam,available,14.2,14.2,medium,low,5,cloudflare,,,30/09/2026 21:25
e9998171-62fb-4c7f-9135-a65d9607d72b,harp.cam,available,14.2,14.2,high,low,4,cloudflare,,,28/09/2026 14:23
4d40aa97-a56a-452a-8cff-b4c3e68430c7,kindness.cam,available,14.2,14.2,high,low,8,cloudflare,,,29/09/2026 19:54
d1c59409-0301-403a-9030-44bdc7f896af,separation.cam,available,8.99,17.49,high,low,10,namesilo,,,30/09/2026 10:56
44cec8f3-db57-43ae-b200-bd5d8dff22b8,customise.cam,available,1.75,15.2,high,low,9,dynadot,,,30/09/2026 18:12
bfd19c82-1ddf-4246-a1b2-b07699013770,exhibition.cam,resell,,,high,low,10,"Spaceship, Inc.",22/03/2020 17:21,22/03/2027 23:59,29/09/2026 18:34
13d4a8d5-2f9f-48a1-9595-5d0ff2f725e5,republican.cam,available,2.98,22.98,high,low,10,namecheap,,,09/09/2026 14:43
4afdf98d-f818-4fcf-bf6c-f0a6080a6bad,rectangle.cam,available,1.7,14.69,high,low,9,spaceship,,,30/09/2026 09:22
5e3445f4-a86b-4e4b-b6f0-6486952a7244,thrace.cam,available,7.72,14.93,medium,low,6,porkbun,,,28/09/2026 20:38
1e23f536-81c5-445c-8b41-0a4b6cc4a99c,appl.cam,available,8.99,17.49,high,low,4,namesilo,,,29/09/2026 21:44
1b269f9a-80a9-4ed6-ae76-7cb0cccee333,sealing.cam,available,1.7,14.69,high,low,7,spaceship,,,30/09/2026 18:36
2e9bc19d-9fca-4f79-ab9a-a88c9bf23638,apophatic.cam,available,2.98,22.98,medium,low,9,namecheap,,,06/08/2026 02:27
ecb35138-5cd7-42ce-9b81-d2c155e3c244,cumulative.cam,available,2.98,22.98,high,low,10,namecheap,,,
fb2809f5-8742-49a0-a5c3-cebd81cbbc97,heliac.cam,available,2.98,22.98,medium,low,6,namecheap,,,21/08/2026 06:28
8e59bc2b-aca2-43a7-baa5-cbf1d6a8ecd3,ingenious.cam,available,2.98,22.98,high,low,9,namecheap,,,22/08/2026 04:52
4d5dd5c9-a0cb-4dc5-992d-d07f8b02bbdc,fitchburg.cam,available,2.98,22.98,medium,low,9,namecheap,,,30/09/2026 04:33
0a9aa37d-9fc5-43fb-98b0-a4bb02c42835,break.cam,premium,1040,18.2,high,low,5,namecheap,,,22/09/2026 17:01
a6416924-cfdb-49a7-b57d-989c814d145d,elegiac.cam,available,2.98,22.98,medium,low,7,namecheap,,,16/08/2026 03:28
36e6b603-ea5c-4008-9d9e-e772ae3123ac,cranberry.cam,resell,,,high,low,9,,,,30/09/2026 01:08
b8300415-8d54-4530-b1fe-2e5db6db9d67,apocalypse.cam,available,2.98,22.98,medium,low,10,namecheap,,,19/09/2026 18:10
ddef964a-a3a2-4f25-8134-07fb49702519,piping.cam,available,2.98,22.98,medium,low,6,namecheap,,,10/09/2026 19:43
1fe09583-31cc-402d-ab97-420377c63397,sweet.cam,premium,828.2,14.69,high,low,5,spaceship,,,30/09/2026 21:35
68dcc68d-da25-4367-9ad0-6900ee49178a,scared.cam,available,2.98,22.98,medium,low,6,namecheap,,,18/08/2026 15:38
2d98c1af-fe78-4e2e-a83f-c28a55220d3e,hai.cam,premium,414.2,14.69,high,low,3,spaceship,,,27/09/2026 16:50
d4e31e99-3371-449b-b7cf-2ef2a942176f,outdated.cam,available,8.99,17.49,medium,low,8,namesilo,,,26/09/2026 03:15
693a52b6-f035-44be-a27f-78531f8c88c4,huddled.cam,available,2.98,22.98,medium,low,7,namecheap,,,21/08/2026 14:34
66ce8e4d-7a22-43c5-96c0-9858f88bdac8,toshiba.cam,available,1.7,14.69,high,high,7,spaceship,,,30/09/2026 04:27
d54511fd-b710-4e52-8df8-805fdc034d8a,asterism.cam,available,8.99,17.49,medium,low,8,namesilo,,,20/09/2026 17:12
6691eb8d-10a4-4880-97c7-6645a25af6b5,thankfully.cam,available,8.99,17.49,high,low,10,namesilo,,,16/09/2026 08:28
cddb0c24-41a1-4b2d-a70b-9a5a90cf6b85,pursue.cam,available,1.7,14.69,high,low,6,spaceship,,,28/09/2026 06:57
1dc26917-ec29-4f2f-9ec3-666e43fc2095,stretchy.cam,available,2.98,22.98,medium,low,8,namecheap,,,10/09/2026 22:32
f3beb1a4-8f8a-488f-8e56-b6204c7790c7,automatism.cam,available,8.99,17.49,medium,low,10,namesilo,,,21/09/2026 06:59
cc185bbd-bd6a-4e27-a93c-073cf2f24493,nafud.cam,available,2.98,22.98,medium,low,5,namecheap,,,19/09/2026 00:44
4928060d-f3e8-4348-b54d-56dd0ad68064,conquer.cam,available,1.75,15.2,high,low,7,dynadot,,,30/09/2026 17:51
8adad2db-0648-4b03-814c-fdb11bf6fdc4,cork.cam,premium,,,high,low,4,,,,29/09/2026 00:12
48c0ef6d-0228-4309-9f9e-402adda976ba,resinlike.cam,available,2.98,22.98,medium,low,9,namecheap,,,09/09/2026 15:11
6f4f4f5d-3fba-44f0-92a2-04957d42010b,angora.cam,available,8.99,17.49,high,low,6,namesilo,,,19/09/2026 07:06
ffcdc019-677d-4cd8-85a5-f25f9e12a6a5,gerard.cam,available,8.99,17.49,medium,low,6,namesilo,,,25/09/2026 13:17
dad9866b-030c-4183-a877-506b1752b526,proceeding.cam,available,8.99,17.49,high,low,10,namesilo,,,28/09/2026 10:14
f78ae442-9db3-4578-b2a0-dd64da210377,stunned.cam,available,8.99,17.49,high,low,7,namesilo,,,22/09/2026 03:44
e8dc6b74-54e5-4167-957f-58520af1f232,sparrow.cam,available,8.99,17.49,high,low,7,namesilo,,,29/09/2026 00:43
ab597428-e8e3-48e6-97db-a54eb24da937,induced.cam,available,2.98,22.98,high,low,7,namecheap,,,22/08/2026 03:27
bc057bba-81a2-4e0a-810e-49e3628c16d6,mccauley.cam,available,8.99,17.49,medium,low,8,namesilo,,,01/10/2026 02:59
28c9a040-6393-42a1-8593-d37bcfc26f70,greenish.cam,available,29.99,29.99,medium,low,8,name.com,,,13/08/2026 18:01
def0d552-322d-42a7-81fc-a4912011de13,sixty.cam,available,2.98,22.98,high,low,5,namecheap,,,
a8cba1f6-55df-40f7-a7b5-534277d489d6,cough.cam,available,29.99,29.99,high,low,5,name.com,,,24/09/2026 18:37
bd6f0dda-1bb4-4bea-9d44-e53a91f233c7,monte.cam,available,8.99,17.49,high,low,5,namesilo,,,28/09/2026 05:47
c6531d16-460a-4300-85e0-0b62fac7b893,decorator.cam,available,2.98,22.98,high,low,9,namecheap,,,01/10/2026 01:42
45515d6e-135e-4f9a-a817-cde29f76020a,separated.cam,available,8.99,17.49,medium,low,9,namesilo,,,19/09/2026 04:08
f0b90be9-6997-4775-8ac6-fa779dfcf4f0,lysogenic.cam,available,2.98,22.98,medium,low,9,namecheap,,,24/08/2026 12:42
5c59dcff-d6e4-4c75-b5fb-32bc806894b2,cctv.cam,premium,1995,16.52,high,low,4,namesilo,,,30/09/2026 03:41
7860c02d-85b8-472f-ae31-692d4990a174,mythical.cam,available,2.98,22.98,high,low,8,namecheap,,,03/09/2026 12:31
d8be2438-c972-4b5a-921c-fd69028b67ff,mesolithic.cam,available,2.98,22.98,medium,low,10,namecheap,,,24/08/2026 21:17
40840ea8-4ecc-4d64-a513-3702d171cd86,sucked.cam,available,8.99,17.49,medium,low,6,namesilo,,,18/09/2026 04:29
acd84f02-49ee-4a97-9b0f-0f619c8b86c1,subaquatic.cam,available,2.98,22.98,medium,low,10,namecheap,,,10/09/2026 23:28
1c51802b-3ad6-4ba7-904b-77b5a601585b,iterative.cam,available,2.98,22.98,high,low,9,namecheap,,,22/08/2026 11:39
da39072e-a224-4441-bd9f-f9e319b14b78,higgins.cam,available,2.98,22.98,high,low,7,namecheap,,,25/09/2026 13:27
1b35111b-9c75-4c2b-a9dc-5582915c97b7,drs.cam,available,8.99,17.49,medium,low,3,namesilo,,,28/09/2026 22:08
cdf929b8-a5bc-4eb5-b9f6-2c9da6d72d2b,quiver.cam,available,2.98,22.98,high,low,6,namecheap,,,11/09/2026 19:13
fcb03b99-94fd-4167-accb-88ef3c669e9c,opaque.cam,available,2.98,22.98,high,low,6,namecheap,,,04/09/2026 15:47
d290b517-3036-467b-9781-c8ed5f7c3bc9,atomiser.cam,available,8.99,17.49,medium,low,8,namesilo,,,21/09/2026 00:19
283956f1-4e35-42f8-999f-ada92c285c50,admirer.cam,available,8.99,17.49,high,low,7,namesilo,,,17/09/2026 08:56
0404e89f-4c5e-442a-b61a-7a8d9c958470,salubrious.cam,available,2.98,22.98,high,low,10,namecheap,,,20/08/2026 16:33
419482c0-2b75-4635-a5de-3559a424d4d7,angelim.cam,available,8.99,17.49,medium,low,7,namesilo,,,19/09/2026 03:59
56479101-bd1d-40d1-8092-ef14ed1a4ae1,preston.cam,available,29.99,29.99,high,low,7,name.com,,,25/09/2026 20:01
df7958a6-b366-4b07-9397-07f8e183141b,tris.cam,available,2.98,22.98,high,low,4,namecheap,,,30/09/2026 12:39
a6d04e6e-f925-42d4-b6bc-9de670b36b24,snipefish.cam,available,8.99,17.49,medium,low,9,namesilo,,,23/09/2026 06:28
917e36f9-2654-4974-89f1-86c28d855a40,concentration.cam,available,1.7,14.69,high,low,13,spaceship,,,27/09/2026 21:44
ababa9ef-5089-4282-966b-cf8e0906b744,spouse.cam,available,8.99,17.49,high,low,6,namesilo,,,23/09/2026 11:39
c2fc3167-9844-47bc-b2e7-8ff46198c216,situations.cam,available,14.2,14.2,medium,low,10,cloudflare,,,28/09/2026 04:50
e8d72346-fae6-43ae-b0bf-5ae0bdead96d,terraced.cam,available,1.7,14.69,medium,low,8,spaceship,,,29/09/2026 10:42
3ece5f68-363a-4190-b1cf-24e083b7569b,platt.cam,available,8.99,17.49,medium,low,5,namesilo,,,27/09/2026 06:33
a55e321c-092b-475d-bad2-f4bbb1675193,immovable.cam,available,2.98,22.98,medium,low,9,namecheap,,,21/08/2026 21:17
7893da7e-9fe5-43d8-830c-867f559401ab,rashid.cam,available,7.72,14.93,medium,low,6,porkbun,,,28/09/2026 16:48
36e9a82b-e38c-48a0-85e0-4cb4caefcc90,compares.cam,available,14.2,14.2,medium,low,8,cloudflare,,,30/09/2026 15:18
018e9a20-b154-4127-ad06-3c4123997489,accede.cam,available,8.99,17.49,high,low,6,namesilo,,,20/09/2026 16:11
8eed67c4-6b12-4696-a284-547b52eefbc5,supersize.cam,available,8.99,17.49,high,low,9,namesilo,,,
ee3dbf36-24b2-4968-b13f-341ce8f20e58,pure.cam,premium,1995,16.52,high,medium,4,namesilo,,,27/09/2026 08:17
18df6a06-b219-4984-822a-c98ec8e1021b,hoover.cam,available,7.72,14.93,high,low,6,porkbun,,,30/09/2026 17:36
9e0c05e9-d432-4622-90d9-cf86ef3fd8b7,liv.cam,premium,1875,29.99,high,low,3,name.com,,,
d28d438c-a0bb-45b4-a349-519e6e970147,realised.cam,available,8.99,17.49,high,low,8,namesilo,,,23/09/2026 17:33
b3f0d91f-1fd8-42a9-ace6-178022e3f4a5,astatic.cam,available,2.98,22.98,medium,low,7,namecheap,,,07/08/2026 08:36
41fc361b-5cae-4eb2-8c23-92b11acc901b,bicycling.cam,available,8.99,17.49,high,low,9,namesilo,,,23/09/2026 13:28
5df0b896-63d2-4f78-b62e-93eabf517779,administrator.cam,available,1.7,14.69,high,low,13,spaceship,,,29/09/2026 14:19
1589c2c4-a9a5-459e-8cbf-dfc477579a87,antigen.cam,available,8.99,17.49,high,low,7,namesilo,,,19/09/2026 14:24
2e300f9f-e9d5-4bc9-952c-46cc062c347c,guangxi.cam,available,14.2,14.2,medium,low,7,cloudflare,,,30/09/2026 21:15
19eafda5-97ca-47ca-a7af-9e0fa448e3cb,acolyte.cam,available,8.99,17.49,medium,low,7,namesilo,,,17/09/2026 02:00
52e6971a-103c-47db-b882-89c7606e700b,ahorse.cam,available,2.98,22.98,medium,low,6,namecheap,,,
612588b8-4dde-4518-940f-0ac1684dc73a,hammered.cam,available,2.98,22.98,medium,low,8,namecheap,,,20/08/2026 22:59
9e09dda1-2927-4258-87ad-fc689ceef00d,correct.cam,available,8.99,17.49,high,low,7,namesilo,,,23/09/2026 23:33
5b561390-0474-4ad7-96f3-5b5a1d09c996,subsidized.cam,available,2.98,22.98,medium,low,10,namecheap,,,11/09/2026 00:46
9acad96b-3f09-4c03-815c-fcbaf5cd8c5c,anterior.cam,available,2.98,22.98,high,low,8,namecheap,,,
ac248359-3e3b-4464-9662-53184a21c751,dualistic.cam,available,2.98,22.98,medium,low,9,namecheap,,,14/08/2026 20:40
6363c0bc-2fac-4f8b-95dd-b4094892d6f1,louise.cam,available,8.99,17.49,high,low,6,namesilo,,,25/09/2026 13:47
48d478c0-72d1-4a92-b8a3-3b0fa9add9e5,aggravated.cam,available,2.98,22.98,medium,low,10,namecheap,,,
1ccb6b78-7241-411f-9744-d580ebd51aab,sectorial.cam,available,2.98,22.98,medium,low,9,namecheap,,,10/09/2026 01:22
3671674a-e0ba-42f5-8ec5-7f43f4d701b6,salah.cam,available,1.7,14.69,high,low,5,spaceship,,,30/09/2026 18:35
3fe629ff-762e-425a-b9b3-b64d7d227e90,venerating.cam,available,2.98,22.98,high,low,10,namecheap,,,09/09/2026 16:09
546917ee-bcbd-402f-995c-25dc808d258d,johan.cam,available,1.7,14.69,high,low,5,spaceship,,,27/09/2026 18:44
5b001a76-7717-494a-8cae-7067989e1e76,boy.cam,premium,10917.11,15.81,high,low,3,porkbun,,,29/09/2026 03:52
2c5fcce5-2764-48a3-bdcc-a283b01d1d94,peregrine.cam,available,2.98,22.98,medium,low,9,namecheap,,,25/08/2026 02:20
fff67ee8-483d-4026-b08d-1a131b8b1718,anagoge.cam,available,2.98,22.98,medium,low,7,namecheap,,,19/09/2026 01:27
2000a229-69af-4d5a-9ac7-e361efdee7a2,holy.cam,premium,500,29.99,high,low,4,name.com,,,21/08/2026 10:43
54f5b53d-e2ec-4407-be7b-2a3335f0b272,vulgar.cam,available,2.98,22.98,high,low,6,namecheap,,,14/08/2026 22:44
aeb20196-df96-4bd6-b8b6-bc780451a6e7,backward.cam,available,8.99,17.49,high,low,8,namesilo,,,22/09/2026 15:53
b1da69ec-932e-4817-a9f9-b7a019003ce5,supervised.cam,available,2.98,22.98,high,low,10,namecheap,,,11/09/2026 02:26
354ce2a2-d98d-4914-8dde-20462be3e2f1,anagnost.cam,available,8.99,17.49,medium,low,8,namesilo,,,19/09/2026 01:26
161b23eb-6da7-49e3-ac61-328ee1aed626,spatulate.cam,available,2.98,22.98,high,medium,9,namecheap,,,10/09/2026 15:19
52fcd5d8-b834-4df6-b455-48b1cfc92e95,fits.cam,available,8.99,17.49,medium,low,4,namesilo,,,18/09/2026 18:43
1a52c129-4256-4207-9d5e-6a0074a548c6,downstairs.cam,available,2.98,22.98,high,low,10,namecheap,,,14/08/2026 17:55
953a9001-26ae-4890-a8c5-a60861818b92,saccade.cam,available,2.98,22.98,medium,low,7,namecheap,,,22/08/2026 12:47
99a404f5-8b96-4fba-8747-30c554258629,group.cam,premium,103500,16.52,high,low,5,namesilo,,,27/09/2026 09:25
af954b86-b98f-4f2e-9376-7079b18d685c,coral.cam,premium,854,16.52,high,low,5,namesilo,,,23/09/2026 23:19
50a20eb7-f9e0-4853-86ce-2d839e1de785,attacked.cam,available,8.99,17.49,medium,low,8,namesilo,,,25/09/2026 20:43
0b059889-4f58-44ab-8f8d-fd6b45def35c,sat.cam,premium,854,16.52,high,low,3,namesilo,,,30/09/2026 10:30
94b8a3f8-87c8-4b3f-918d-6c8d5f625f91,monsters.cam,available,8.99,17.49,high,medium,8,namesilo,,,27/09/2026 03:16
5caef76b-7a4f-41bb-a556-1a0007a6d46e,tumbling.cam,available,8.99,17.49,high,low,8,namesilo,,,17/09/2026 03:22
80580db0-5bea-462d-9d7d-4784f4a90833,diagram.cam,available,8.99,17.49,high,low,7,namesilo,,,24/09/2026 22:08
ef61f144-d7f3-4f88-a24c-7207f716a220,wistful.cam,available,2.98,22.98,high,low,7,namecheap,,,13/09/2026 12:45
07f7839f-f37b-46fa-861e-14e46e8a231c,norwich.cam,available,8.99,17.49,medium,low,7,namesilo,,,25/09/2026 14:43
784659c3-0dc7-4b71-b0a7-d9ec52f7e749,offend.cam,available,1.75,15.2,medium,low,6,dynadot,,,28/09/2026 18:28
2b3d1bc5-09b7-49c3-9d0d-92439e0408dc,autistic.cam,available,2.98,22.98,high,low,8,namecheap,,,07/08/2026 19:22
1e2bc6a2-feea-43c0-9e88-6ccdc1fa0e1a,nose.cam,premium,500,,high,low,4,name.com,,,30/09/2026 05:52
857bd12f-39b0-4da2-8814-39bee46fabf3,offenders.cam,available,8.99,17.49,low,low,9,namesilo,,,29/09/2026 05:55
5259a696-4f91-4c44-b601-b529eba268ff,fussy.cam,available,2.98,22.98,medium,low,5,namecheap,,,08/08/2026 07:47
e73b1172-5652-41a1-8ade-c78783a821b1,bartholin.cam,available,2.98,22.98,medium,low,9,namecheap,,,22/09/2026 09:14
5d5fb7ba-d1d2-4345-b0fd-6328660d90fa,judge.cam,resell,,,high,low,5,Dynadot Inc,01/02/2026 12:33,01/02/2027 23:59,26/09/2026 07:02
eadd99dd-2d98-4715-8805-aab6534c25ac,clapham.cam,available,14.2,14.2,medium,low,7,cloudflare,,,30/09/2026 21:21
543432b5-8fef-44b5-9713-e4ed6470b649,objectives.cam,available,8.99,17.49,medium,low,10,namesilo,,,17/09/2026 15:43
cf5afc52-1810-45c3-9c9c-00d2571820ea,syllabled.cam,available,2.98,22.98,medium,low,9,namecheap,,,11/09/2026 06:00
f7339e7d-2001-4e8c-bcfa-12356ef17119,blab.cam,available,8.99,17.49,high,low,4,namesilo,,,23/09/2026 23:33
ae29ae2c-8db7-45bc-8877-000dc0474d5e,weaving.cam,available,14.2,14.2,high,low,7,cloudflare,,,29/09/2026 14:07
ab458c91-cf2a-4221-a97e-b41e934eeccf,expecting.cam,available,8.99,17.49,high,low,9,namesilo,,,
6b82cee7-ec90-43c3-ac67-d1d20ceb822f,ripple.cam,available,2.98,22.98,high,low,6,namecheap,,,12/09/2026 08:34
94a00033-15ad-4a61-9202-df7cd734817f,abutilon.cam,available,2.98,22.98,medium,low,8,namecheap,,,16/09/2026 19:21
8eca8a5b-d918-4d0b-b15c-c5a536018db5,sorensen.cam,available,8.99,17.49,high,low,8,namesilo,,,30/09/2026 02:56
5a80075a-10e9-4863-a2b7-ae64e12be071,civilized.cam,available,2.98,22.98,high,low,9,namecheap,,,12/08/2026 09:06
e31a55e7-9d89-4b44-8259-a59911b5f92d,husbandry.cam,available,2.98,22.98,high,low,9,namecheap,,,17/08/2026 22:35
b0abf91c-6c6b-4351-a506-8f711d55a16d,katabatic.cam,available,2.98,22.98,medium,low,9,namecheap,,,11/08/2026 20:41
0574377d-e6e6-4166-9dbb-6f33beddbe9e,idaho.cam,premium,1552.7,14.69,high,low,5,spaceship,,,01/10/2026 02:17
75115424-3ba3-4f43-846a-81d878758871,squalls.cam,available,8.99,17.49,low,low,7,namesilo,,,20/09/2026 14:16
9fc09757-ba26-4bc0-933b-c92eca7770e6,esthetical.cam,available,2.98,22.98,medium,low,10,namecheap,,,21/09/2026 21:22
a72324ba-bc6f-4b4d-bb78-8e7e7fcac999,zealot.cam,available,2.98,22.98,medium,low,6,namecheap,,,08/09/2026 02:10
eb04a07c-8aac-45a4-bff3-6dbcc8146801,encounter.cam,available,2.98,22.98,high,low,9,namecheap,,,25/09/2026 19:00
8deb8caa-c42f-4a28-81e4-344b52f39b66,ron.cam,premium,520,18.2,high,low,3,namecheap,,,25/09/2026 00:25
95364fff-afc9-4aa2-9838-d25d797b9dd2,seaborgium.cam,available,2.98,22.98,medium,low,10,namecheap,,,20/09/2026 22:06
81ef764b-6db8-45f7-859b-3aa66456a529,chin.cam,available,2.98,22.98,high,low,4,namecheap,,,29/09/2026 08:41
a97f0afc-9717-4a18-bfd7-7e036a1da943,telugu.cam,available,14.2,14.2,medium,low,6,cloudflare,,,29/09/2026 20:30
4fb7e793-140a-4d61-bd44-a99d2421f68e,unbooked.cam,available,2.98,22.98,medium,low,8,namecheap,,,12/09/2026 02:19
e40504fe-2b95-4c92-9549-d835ecb3101d,focus.cam,premium,512,16.52,high,medium,5,namesilo,,,19/09/2026 06:53
877595e4-a00e-4efa-b0ac-f12b7b3ddb4a,burlington.cam,premium,512,16.52,high,low,10,namesilo,,,25/09/2026 03:41
1035cc37-0cf9-4df4-8fa4-7dc663df6ed1,afoot.cam,available,2.98,22.98,medium,low,5,namecheap,,,
95e627ba-6d13-4d34-b505-087a27b125c4,stalling.cam,available,1.7,14.69,medium,low,8,spaceship,,,30/09/2026 18:49
20fc2405-9827-4200-92ce-10368cf8cc5a,vanity.cam,premium,854,16.52,high,low,6,namesilo,,,28/09/2026 21:03
992bc60f-e24f-43f8-9cc2-0071c319babb,galling.cam,available,,,high,low,7,,,,
8b598e1f-68ee-4448-8f9e-812c19950be5,correspond.cam,available,1.75,15.2,high,low,10,dynadot,,,29/09/2026 19:02
6d9494e9-6ef8-4e6d-988c-449b712e9368,radiation.cam,available,8.99,17.49,high,low,9,namesilo,,,17/09/2026 04:59
c10af53f-0b42-4f31-a1af-fe9f1c39ed2f,aquatics.cam,available,8.99,17.49,high,low,8,namesilo,,,19/09/2026 23:08
4b302154-d738-4e37-a9bb-74af066dcf55,antitrust.cam,available,2.98,22.98,medium,low,9,namecheap,,,
92c42c9e-0ba6-4cb8-ae59-d2672b96c1d0,asmara.cam,available,8.99,17.49,medium,low,6,namesilo,,,20/09/2026 14:27
5a22d943-76ed-4222-a08a-288026e9adaf,murmuring.cam,available,2.98,22.98,high,low,9,namecheap,,,03/09/2026 11:06
35d39143-c71a-451f-80de-09d51383725c,medicinal.cam,available,2.98,22.98,high,low,9,namecheap,,,24/08/2026 19:01
f46fba0f-439e-4a5a-9e84-30b72160c2d1,lxvi.cam,available,2.98,22.98,medium,low,4,namecheap,,,
7d85aeab-4314-4aee-875f-97f9e6b96d12,show.cam,premium,512,16.52,high,low,4,namesilo,,,24/09/2026 16:06
ec07beb7-fc9f-4dc9-b8b0-944b8e1102c1,acrodont.cam,available,8.99,17.49,medium,low,8,namesilo,,,17/09/2026 03:41
cb722dab-0f6e-4564-8735-b8c3f0c1ad4c,abused.cam,available,2.98,22.98,high,low,6,namecheap,,,
70c97cc4-66ea-4748-a06d-5fcfb884601e,twofold.cam,available,2.98,22.98,medium,low,7,namecheap,,,14/08/2026 16:39
aa27c30a-c6a5-44a6-b109-1a4b1755acc9,peptic.cam,available,2.98,22.98,medium,low,6,namecheap,,,08/09/2026 15:53
2bb2296b-bf05-49db-9c74-bcb014b65b92,leia.cam,available,8.99,17.49,high,low,4,namesilo,,,
50d0d8b4-17b8-4c49-9eeb-0f4929a06bc4,saginaw.cam,available,2.98,22.98,medium,low,7,namecheap,,,28/09/2026 03:02
6b679aff-d591-4813-a669-a42e1adfd924,masoud.cam,available,2.98,22.98,medium,low,6,namecheap,,,17/09/2026 20:25
07a45983-46f6-40bd-bd95-e09486c0d8e6,aspirator.cam,available,8.99,17.49,medium,low,9,namesilo,,,20/09/2026 15:23
81e5483a-720c-45b8-ac26-1565d31dd558,wickedness.cam,available,2.98,22.98,medium,low,10,namecheap,,,17/08/2026 15:06
b1e0a6b4-b8a9-44cd-b2fd-746aaf238a30,morse.cam,available,7.72,14.93,high,low,5,porkbun,,,28/09/2026 19:30
1bbcc2f2-3140-48f7-b93d-46123405a578,chennai.cam,premium,437.19,15.81,high,low,7,porkbun,,,30/09/2026 09:07
e00e18f5-8f82-4423-ab70-c40e661fd8e2,fronts.cam,available,1.7,14.69,medium,low,6,spaceship,,,30/09/2026 15:47
db4baa92-c384-498c-83b5-837be42592d0,nicola.cam,available,14.2,14.2,high,low,6,cloudflare,,,28/09/2026 07:47
60e494eb-42cb-4f38-be69-b8c8d17aeba3,tremendously.cam,available,1.7,14.69,medium,low,12,spaceship,,,30/09/2026 19:57
5d8580d5-e971-456c-9104-c82c9e9ffe5b,dean.cam,premium,854,16.52,high,low,4,namesilo,,,27/09/2026 03:39
92a3a937-b707-4d03-9e44-c92c4a7a3b97,coup.cam,available,1.75,15.2,high,low,4,dynadot,,,29/09/2026 18:30
de958ec9-74c8-4a77-b4dd-ffe842dbfe39,areas.cam,available,8.99,17.49,medium,low,5,namesilo,,,27/09/2026 10:01
c4481efc-d168-4d2b-acf9-3e615138189f,torrential.cam,available,2.98,22.98,medium,low,10,namecheap,,,11/09/2026 17:57
a425c23c-ad5e-437b-9ac6-423106fe67a3,yoga.cam,premium,1552.7,14.69,high,low,4,spaceship,,,28/09/2026 06:53
72202a11-fbfe-4e1a-9aac-33024bb98fd9,amalgam.cam,available,8.99,17.49,high,low,7,namesilo,,,18/09/2026 15:38
3ce16d89-6889-4d12-9157-4617f457d34f,pimiento.cam,available,29.99,29.99,medium,low,8,name.com,,,23/09/2026 05:38
d541f9f3-5024-415a-99cf-bec93a4fe35f,tingling.cam,available,2.98,22.98,high,low,8,namecheap,,,11/09/2026 15:29
3bc56b82-42aa-4edf-a896-af9520278207,simony.cam,available,8.99,17.49,medium,low,6,namesilo,,,22/09/2026 08:05
59dd03c3-a3e3-48e4-9c7a-6c988bf547d5,contractors.cam,available,1.7,14.69,medium,low,11,spaceship,,,30/09/2026 07:30
3fa2f4aa-a70b-45c0-bc81-5869907d1fef,prussian.cam,available,2.98,22.98,high,low,8,namecheap,,,09/09/2026 04:50
0b0b4f95-5d07-4434-a26a-58a43abd69d5,bivouac.cam,available,2.98,22.98,medium,low,7,namecheap,,,11/08/2026 15:54
ac243d17-e378-46f2-a19f-1d37fceb4329,godlike.cam,available,2.98,22.98,high,low,7,namecheap,,,20/08/2026 16:06
088d7d0a-c3e0-44a6-9b5d-02156a3abdb9,aflame.cam,available,2.98,22.98,medium,low,6,namecheap,,,
2902a650-9811-40d5-81b1-f5c9cd6033da,sib.cam,premium,500,29.99,medium,low,3,name.com,,,12/08/2026 15:48
d45fa791-1c59-43d4-8756-f57e2f2d5339,slab.cam,available,1.7,14.69,high,low,4,spaceship,,,28/09/2026 20:30
28cad955-46ac-420d-b2d8-62055c69a9d4,chilly.cam,available,2.98,22.98,high,low,6,namecheap,,,12/08/2026 05:30
9f140fad-c2a3-42c0-8123-39f19390dc85,keyes.cam,available,8.99,17.49,medium,low,5,namesilo,,,28/09/2026 16:42
89c1e372-3eac-4820-93d6-7ffd55ae44e6,sorting.cam,available,1.7,14.69,high,low,7,spaceship,,,30/09/2026 02:57
a2fd2f3f-4ffa-45b5-9b96-c3536051c6c5,rated.cam,available,8.99,17.49,high,low,5,namesilo,,,
e99bebb2-d5b6-4721-ba12-af7e4f8a74e0,halls.cam,available,1.7,14.69,high,low,5,spaceship,,,28/09/2026 13:17
67efe745-2212-4a39-a84e-d31f452bb573,apathetic.cam,available,2.98,22.98,medium,low,9,namecheap,,,05/08/2026 22:04
87321e6f-4c4f-4e09-a417-ffd94142b29b,aculea.cam,available,2.98,22.98,low,low,6,namecheap,,,17/09/2026 05:32
ad6017dc-cced-4903-96d7-e73de12af7c7,masters.cam,available,2.98,22.98,high,low,7,namecheap,,,29/09/2026 17:44
f4841b83-5a30-4c92-8555-99c07795d5af,jocose.cam,available,2.98,22.98,medium,low,6,namecheap,,,22/08/2026 12:54
4cae27f1-51c3-4884-a4e9-9e4ab9991dae,dodds.cam,available,8.99,17.49,medium,low,5,namesilo,,,30/09/2026 05:40
5a8387e0-ef8c-424f-8391-be824eb2b0cc,slippered.cam,available,2.98,22.98,medium,low,9,namecheap,,,10/09/2026 10:59
1cbf5c45-1374-43c0-8042-35d705ed179c,detectable.cam,available,2.98,22.98,high,low,10,namecheap,,,14/08/2026 04:42
0c24f154-56c7-4695-aa52-d24ce4690f61,agama.cam,available,2.98,22.98,high,low,5,namecheap,,,17/09/2026 16:05
8476cce8-72bb-478b-9e0d-daa4a1e31841,reuters.cam,available,8.99,17.49,high,high,7,namesilo,,,28/09/2026 12:24
35da6e7b-0df2-49c2-abcb-48500b3ac06e,palliative.cam,available,2.98,22.98,high,low,10,namecheap,,,
f816c41b-aa58-4ebd-a464-3dfd7eb4186e,wilcox.cam,available,8.99,17.49,medium,low,6,namesilo,,,27/09/2026 01:45
a5525232-12f4-467a-a957-d66609957021,democrat.cam,available,1.75,15.2,high,low,8,dynadot,,,29/09/2026 13:56
bcdacf2b-1ab2-4b04-bb04-a22f85787b10,episcopal.cam,available,2.98,22.98,medium,low,9,namecheap,,,17/08/2026 11:09
46e193b9-6931-44da-8b6c-72d66be16f3f,joyful.cam,available,2.98,22.98,high,low,6,namecheap,,,20/08/2026 14:22
978300c6-941c-4294-a277-c4e1470f5dce,nci.cam,premium,414.2,14.69,high,low,3,spaceship,,,30/09/2026 20:56
21761dd1-3ab6-4a6d-bacf-b2cf78e80f68,assisting.cam,available,8.99,17.49,high,low,9,namesilo,,,29/09/2026 14:47
137d1d8b-52e3-4504-96f7-db8edcea7612,dimorphic.cam,available,2.98,22.98,medium,low,9,namecheap,,,14/08/2026 08:09
a02f3a81-fe0f-4d0f-b803-d1ba510bdec9,ballerina.cam,available,8.99,17.49,high,low,9,namesilo,,,21/09/2026 22:49
b071d7bc-f769-4ee9-a457-ddcef9cfee4f,grumbling.cam,available,2.98,22.98,medium,low,9,namecheap,,,20/08/2026 20:33
fa18aa9f-9c4e-481c-b18a-e39d22b9d424,skimpy.cam,available,2.98,22.98,medium,low,6,namecheap,,,10/09/2026 09:36
8754754e-c412-4e4f-bed3-d3dbbb0bce62,faulty.cam,available,2.98,22.98,medium,low,6,namecheap,,,13/08/2026 23:08
cb6db6e4-5492-469a-b1b1-3c37103ebd9c,antilog.cam,available,8.99,17.49,medium,low,7,namesilo,,,19/09/2026 14:38
352b5720-5cc8-4bd5-86e9-04a39ba7ffbc,bds.cam,available,1.7,14.69,high,low,3,spaceship,,,30/09/2026 05:27
550a36c7-e3e7-4402-9a24-cf5e7e22bda2,uuh.cam,available,8.99,17.49,medium,low,3,namesilo,,,20/09/2026 22:22
9e5ca9c0-9817-4035-832c-23df32e83367,loony.cam,available,2.98,22.98,medium,low,5,namecheap,,,06/08/2026 21:17
1e0fbcda-33e7-4d34-870c-7268a66d191d,bruise.cam,available,1.7,14.69,medium,low,6,spaceship,,,29/09/2026 04:45
f4bdbf5c-c122-48d9-8cac-fc4aa270e185,salisbury.cam,available,2.98,22.98,high,low,9,namecheap,,,24/09/2026 12:37
3d54693f-61d4-4562-9b5b-4d0f9d25254b,synchronise.cam,available,8.99,17.49,high,low,11,namesilo,,,
f42aa614-5599-43c4-837d-c030e5d38ac8,veggie.cam,available,8.99,17.49,high,low,6,namesilo,,,19/09/2026 06:34
28588a79-88d8-4991-b07b-3104b73a7124,reade.cam,available,8.99,17.49,medium,low,5,namesilo,,,30/09/2026 21:52
cbd9bb65-d0d4-4e66-932e-b66c877f5183,lament.cam,available,2.98,22.98,medium,low,6,namecheap,,,22/08/2026 15:25
ac2c249f-c588-4e0c-b1b0-d7194e89a599,nihilistic.cam,available,2.98,22.98,medium,low,10,namecheap,,,03/09/2026 17:24
29cb019d-3be4-4ccb-8425-d5b494a3165d,fitzroy.cam,available,2.98,22.98,medium,low,7,namecheap,,,28/09/2026 23:19
2cdc1c86-9128-42fb-b604-239e12da37bc,sneezed.cam,available,8.99,17.49,low,low,7,namesilo,,,20/09/2026 15:10
4736b36a-19af-4ffd-ba19-201e61aa4f7b,stimulating.cam,available,1.7,14.69,high,low,11,spaceship,,,28/09/2026 21:23
6d342b7e-c6c7-4495-9141-4eaa535df447,decimal.cam,available,2.98,22.98,high,low,7,namecheap,,,13/08/2026 21:27
0b8afce6-523d-481d-a26e-6c214e921c3d,swear.cam,available,2.98,22.98,high,low,5,namecheap,,,24/09/2026 20:32
dcc8cbab-a7a1-474f-b6c3-5181131a17c0,comply.cam,available,2.98,22.98,high,low,6,namecheap,,,29/09/2026 08:21
5f4ffcee-fb1b-4dcf-831e-26c72433ba4f,strontium.cam,available,8.99,17.49,medium,low,9,namesilo,,,20/09/2026 22:59
bc4cadf0-77d1-42d3-bfb5-28f8b2c730fc,spoke.cam,available,8.99,17.49,high,low,5,namesilo,,,25/09/2026 10:31
9119efb8-e7de-46e7-b132-87c49bb72b19,bagatelle.cam,available,2.98,22.98,medium,low,9,namecheap,,,21/09/2026 17:53
903efb82-afa7-43a5-9798-489fda2ab820,massage.cam,premium,103500,16.52,high,low,7,namesilo,,,30/09/2026 03:59
9b906641-0ee2-488a-b5ef-c94bc19e0041,greed.cam,available,8.99,17.49,high,low,5,namesilo,,,21/09/2026 08:43
20ce26a1-b7c9-4a6d-8dc3-61f1fd8191b4,narrator.cam,available,8.99,17.49,high,low,8,namesilo,,,27/09/2026 04:49
f55fd246-34b6-40c3-9c70-586aa3b46ea2,taken.cam,available,2.98,22.98,high,low,5,namecheap,,,25/09/2026 10:20
c96d3294-65bb-48eb-aa27-33fb90b1d0d2,deathless.cam,available,29.99,29.99,medium,low,9,name.com,,,13/08/2026 20:02
43fbd781-14f3-459f-bd39-2c9c02899c27,advil.cam,available,8.99,17.49,medium,low,5,namesilo,,,17/09/2026 11:20
35097943-6105-42ce-9ac0-e9a67b1371b2,nourished.cam,available,2.98,22.98,high,low,9,namecheap,,,03/09/2026 22:12
c7627ef2-f36e-4ba9-b6dc-a1f5cda95904,lawrence.cam,available,8.99,17.49,high,low,8,namesilo,,,25/09/2026 04:32
621b31ba-03b7-456e-929d-c5845362bebf,northampton.cam,available,2.98,22.98,medium,low,11,namecheap,,,25/09/2026 14:57
496aef09-9aa3-436e-a46b-b59a53e56ee2,calder.cam,available,8.99,17.49,high,low,6,namesilo,,,18/09/2026 05:48
950912a4-a71e-4cbb-9e84-94d175265823,itinerant.cam,available,2.98,22.98,high,low,9,namecheap,,,22/08/2026 11:41
76c60a7f-b211-40c5-a2af-613be735ce3d,steroidal.cam,available,2.98,22.98,medium,low,9,namecheap,,,10/09/2026 20:19
ea901856-e841-4876-ad7c-1f1e08e1090e,audubon.cam,available,8.99,17.49,medium,low,7,namesilo,,,21/09/2026 03:14
75458944-51ad-4ec4-8ada-c6722177697c,beforehand.cam,available,2.98,22.98,medium,low,10,namecheap,,,09/08/2026 08:51
d07c87de-efc1-407f-a0ad-22584f9219ec,snuffle.cam,available,2.98,22.98,high,medium,7,namecheap,,,10/09/2026 12:50
c365b2d9-28cd-43c9-b440-e1e1a1d8eff7,milliliter.cam,available,2.98,22.98,medium,low,10,namecheap,,,11/08/2026 22:53
ca5eb4c7-4086-4efc-b673-a75d8cfabb67,towels.cam,available,8.99,17.49,high,low,6,namesilo,,,18/09/2026 12:23
363e587a-b52c-4742-a222-792f8527479f,advisement.cam,available,8.99,17.49,medium,low,10,namesilo,,,17/09/2026 11:32
2ac8be19-47a0-4a9a-97ed-f2f7aad62995,habitat.cam,available,1.7,14.69,high,medium,7,spaceship,,,28/09/2026 08:23
fd8da463-bcee-455e-8b13-8262be47789b,pompous.cam,available,2.98,22.98,medium,low,7,namecheap,,,12/08/2026 00:37
0972de7e-bf01-4c3e-bda6-427b65cde783,artisan.cam,available,8.99,17.49,high,low,7,namesilo,,,20/09/2026 11:51
a9f52af4-d412-45d2-b6cd-f18728cacd95,floury.cam,available,2.98,22.98,medium,low,6,namecheap,,,18/08/2026 09:00
f989713e-d4a8-4003-ba7b-8259facacd01,stannic.cam,available,2.98,22.98,low,low,7,namecheap,,,10/09/2026 18:41
8cf71455-fb77-4671-ba5f-00480f72c573,contrived.cam,available,2.98,22.98,medium,low,9,namecheap,,,12/08/2026 23:42
bf0f10cc-b389-4c13-a664-019f150b8a64,haldane.cam,available,14.2,14.2,medium,low,7,cloudflare,,,30/09/2026 01:29
ad2c0edc-7291-4694-ae9c-485f4df26010,sleeps.cam,available,8.99,17.49,medium,low,6,namesilo,,,28/09/2026 13:22
9199638b-7462-407e-bc42-dfe958be9db9,notorious.cam,available,2.98,22.98,high,low,9,namecheap,,,21/08/2026 19:05
29e5d781-0777-4632-93a1-a9c8c6b7cbf9,arrhythmia.cam,available,8.99,17.49,medium,low,10,namesilo,,,20/09/2026 09:13
5fe0056a-3d3d-489f-8b30-965f3f6263ff,granddad.cam,available,7.72,14.93,high,low,8,porkbun,,,29/09/2026 21:09
2d3a3bb1-4050-4b47-ba64-2774ac865412,grassy.cam,available,2.98,22.98,high,low,6,namecheap,,,20/08/2026 18:20
e2e3a7ac-3b54-4316-abe1-b3ebeb6fa878,aucuba.cam,available,8.99,17.49,medium,low,6,namesilo,,,21/09/2026 02:47
77cffccf-39bb-4c05-a62c-47b0786b50b4,defendable.cam,available,2.98,22.98,high,low,10,namecheap,,,13/08/2026 23:09
42c4326c-ec24-4a25-a6d0-2c3264e022db,flamboyant.cam,available,2.98,22.98,high,low,10,namecheap,,,22/09/2026 12:57
74770595-52ce-47eb-a467-5f4c2e783c7a,esoteric.cam,available,2.98,22.98,high,low,8,namecheap,,,17/08/2026 13:17
7e14d021-b9cc-46a6-a458-23c9abc61b3c,acherontic.cam,available,2.98,22.98,medium,low,10,namecheap,,,
6324692b-5328-4743-8daa-9a09fe1484cf,disgorge.cam,available,2.98,22.98,high,medium,8,namecheap,,,10/09/2026 07:35
d530cebd-8a51-4f71-82b2-6aa51ca16fa2,kilogramme.cam,available,1.75,15.2,medium,low,10,dynadot,,,30/09/2026 23:59
0ea66757-3e19-4065-9b94-a82e0d1e2c59,retro.cam,premium,854,16.52,high,medium,5,namesilo,,,24/09/2026 15:44
4927393a-999c-44c3-ba71-d0ab9da23eda,menopause.cam,available,1.7,14.69,high,low,9,spaceship,,,30/09/2026 16:40
54e0a2e2-b7a3-4c3b-a681-402a65916f61,xlviii.cam,available,2.98,22.98,medium,low,6,namecheap,,,
cfc36d17-b825-475a-a9a7-99a21e5894f0,said.cam,available,8.99,17.49,high,low,4,namesilo,,,30/09/2026 23:01
f96d9815-72f1-4b97-8557-b911dc4764c9,retention.cam,available,8.99,17.49,high,low,9,namesilo,,,01/10/2026 02:38
e8aa90c9-b0f1-4a16-8b23-9fc9e389d8c3,bookstore.cam,available,8.99,17.49,high,low,9,namesilo,,,24/09/2026 07:17
e2e4c6ba-690c-4bd3-96c2-ac488a715d9f,audiology.cam,available,8.99,17.49,medium,low,9,namesilo,,,21/09/2026 02:56
2181508a-8572-42d2-a02d-3292e336a2c4,dass.cam,available,1.7,14.69,high,low,4,spaceship,,,30/09/2026 19:19
26f7ec41-61d0-4b08-abce-7a0d31e0a28d,passed.cam,available,8.99,17.49,medium,low,6,namesilo,,,
af0c9ca1-3813-4a57-8f58-dce0ec163cb9,sucking.cam,premium,13800,16.52,medium,low,7,namesilo,,,28/09/2026 15:26
0e9b4fbf-e1f0-4fff-97b5-7059e9c7e1f6,magnet.cam,premium,512,16.52,high,low,6,namesilo,,,21/09/2026 02:14
f551275f-1dd3-44de-8bb8-fd9734dde20f,soonest.cam,available,2.98,22.98,medium,low,7,namecheap,,,14/08/2026 22:25
1e6e3ac6-2496-42fb-971c-5a1900028313,cheltenham.cam,available,1.7,14.69,medium,low,10,spaceship,,,28/09/2026 12:18
6457bef8-971e-4dd3-837d-6d0e53a27d33,perspective.cam,available,8.99,17.49,high,low,11,namesilo,,,
471b8109-ee56-46fa-ace4-1583693d62a4,overeasy.cam,available,29.99,29.99,medium,low,9,name.com,,,16/09/2026 17:44
694842b4-5073-48b6-92de-822be3fbdaf2,antilles.cam,available,8.99,17.49,medium,low,8,namesilo,,,19/09/2026 14:37
3249f3f6-d3ba-4529-bfaa-ce8884364288,likelihood.cam,available,8.99,17.49,high,low,10,namesilo,,,29/09/2026 01:35
9ef95b8f-c3e1-41f7-b0b1-fe3eaef7f3a1,drum.cam,premium,500,29.99,high,low,4,name.com,,,10/08/2026 18:17
722a8fed-d839-4b1d-84a6-974ff0ed992d,oswald.cam,available,8.99,17.49,high,low,6,namesilo,,,25/09/2026 08:53
f725fa15-24b3-41cb-ab27-353f9a1846e7,frankly.cam,available,2.98,22.98,high,low,7,namecheap,,,14/09/2026 05:08
28dbe228-115b-4c06-a8bd-1338dff4d50d,rams.cam,available,14.2,14.2,high,low,4,cloudflare,,,30/09/2026 20:33
9611e4a0-75e8-4ded-a4d7-0024faeda9bf,swartz.cam,available,1.7,14.69,medium,low,6,spaceship,,,30/09/2026 13:43
a4d65463-60b8-463b-8ea1-8af79c946b93,nominees.cam,available,1.7,14.69,medium,low,8,spaceship,,,30/09/2026 16:22
e9c659c2-efca-4892-b3e0-c0c0c5b8ccf9,catechetic.cam,available,2.98,22.98,medium,low,10,namecheap,,,11/08/2026 21:25
e73aed2c-99f1-44fe-86a6-fe8736530c1d,childlike.cam,available,2.98,22.98,medium,low,9,namecheap,,,12/08/2026 05:12
69634d29-2b36-4199-9ecc-3416cc508ad0,engine.cam,premium,1950,18.2,high,low,6,namecheap,,,30/09/2026 16:04
ac566b81-1cc6-46aa-8e67-e6709dbae50b,monticello.cam,available,2.98,22.98,medium,low,10,namecheap,,,28/09/2026 12:25
90e3b1d2-ca41-4304-85ea-6d805ee4f78c,bethe.cam,available,8.99,17.49,medium,low,5,namesilo,,,23/09/2026 11:12
2f36cec6-de97-4cbf-bdee-0ae9abf9b5a4,reclaimed.cam,available,2.98,22.98,high,low,9,namecheap,,,09/09/2026 11:36
2145e8bd-9695-45be-a74e-64a65427a208,banditry.cam,available,2.98,22.98,medium,low,8,namecheap,,,22/09/2026 01:24
b78b7a1a-cb5d-440a-a6da-229338a6c2c1,blaeberry.cam,available,8.99,17.49,medium,low,9,namesilo,,,23/09/2026 15:39
ca43b98a-ef9b-496a-9bd7-bea8b53e9a22,untrustworthy.cam,available,8.99,17.49,medium,low,13,namesilo,,,
e795b34c-1326-41ed-9342-805624ae96a7,paradox.cam,available,2.98,22.98,high,low,7,namecheap,,,29/09/2026 07:49
12ba6d12-d9ba-483f-bd38-27dfbcd7c5f1,bezique.cam,available,2.98,22.98,medium,low,7,namecheap,,,23/09/2026 12:24
fb54e3f3-3abe-4c2a-9590-c5290211d973,barring.cam,available,8.99,17.49,medium,low,7,namesilo,,,29/09/2026 01:15
8085d888-45d8-49d3-add5-672557145675,notice.cam,available,8.99,17.49,high,low,6,namesilo,,,24/09/2026 16:29
0e3e7dd9-6977-4921-80ea-a8878d5e75ff,lashings.cam,available,2.98,22.98,high,low,8,namecheap,,,14/09/2026 23:38
72354015-9cd9-4893-b043-d88669f61d49,skates.cam,available,8.99,17.49,high,low,6,namesilo,,,30/09/2026 12:43
0489c3c5-6897-4a21-9078-10869721133e,blanket.cam,available,2.98,22.98,high,low,7,namecheap,,,08/09/2026 07:17
3b80a5ad-aebf-4a01-8e8e-96563bb89bde,rotary.cam,premium,854,16.52,high,low,6,namesilo,,,04/09/2026 17:37
66f472dc-90b8-48f8-b437-f0c169be1b4d,humanistic.cam,available,2.98,22.98,high,low,10,namecheap,,,21/08/2026 14:53
1b09e5ce-af9d-49dd-adef-222beacb5766,fanged.cam,available,2.98,22.98,medium,low,6,namecheap,,,17/08/2026 22:05
210b4250-4d7a-4196-9bfb-8c996671ee85,polite.cam,available,2.98,22.98,high,low,6,namecheap,,,13/08/2026 10:21
8392dd45-962c-447e-b748-64e1b6b0480a,experient.cam,available,2.98,22.98,medium,low,9,namecheap,,,17/08/2026 18:12
f95b989f-835a-4c0a-87c4-b47815752af7,filed.cam,available,8.99,17.49,medium,low,5,namesilo,,,
4d54a8db-6cd7-42af-8d65-8f613e1a6071,fragrance.cam,available,14.2,14.2,high,low,9,cloudflare,,,29/09/2026 18:57
efd0e008-aad3-4188-ab71-6222f50905e9,curvey.cam,available,2.98,22.98,medium,low,6,namecheap,,,13/08/2026 11:51
31276083-c032-4153-b884-9e8c7dc98642,apologized.cam,available,1.75,15.2,low,low,10,dynadot,,,29/09/2026 05:55
8c39d093-2116-4a6e-828d-6d2934bac9da,boca.cam,premium,854,16.52,high,low,4,namesilo,,,30/09/2026 05:21
64f28dbd-6862-4eff-bdfa-4a06cfaf4a9e,researchers.cam,available,2.98,22.98,medium,low,11,namecheap,,,18/09/2026 17:37
be145c0e-86fb-41e0-85c3-a8aed76b066b,whacked.cam,available,2.98,22.98,medium,low,7,namecheap,,,13/09/2026 11:08
73ac5460-4034-42ac-ada0-c62d16d424aa,configuration.cam,available,1.7,14.69,medium,low,13,spaceship,,,29/09/2026 10:14
d0de3272-0e0f-4520-be4b-716060d208d2,traduce.cam,available,2.98,22.98,medium,low,7,namecheap,,,24/08/2026 14:06
e9cc0a78-0efa-4b26-9595-ed06ade4b8c0,luckily.cam,available,2.98,22.98,high,low,7,namecheap,,,13/09/2026 21:22
6784567d-bd50-439b-b3f7-8e8e9acd8294,fable.cam,available,8.99,17.49,high,low,5,namesilo,,,18/09/2026 10:35
6a6a477f-e31c-4400-84a9-26f7ab262dba,doggedly.cam,available,2.98,22.98,medium,low,8,namecheap,,,14/09/2026 13:33
342ca453-0abc-46f5-b2a8-163eb31c865a,foremost.cam,available,2.98,22.98,high,medium,8,namecheap,,,18/08/2026 05:18
59721a35-422e-4d4f-aa93-f1420aa0f7d0,primary.cam,available,2.98,22.98,high,low,7,namecheap,,,27/09/2026 05:41
027166a4-eea0-491f-9e8e-5435c082b307,acinous.cam,available,2.98,22.98,medium,low,7,namecheap,,,
09a3fc80-dc87-40ef-906c-ecfae717451c,firearm.cam,available,1.7,14.69,high,low,7,spaceship,,,29/09/2026 00:55
7b5bc6b6-a6e1-4261-803f-05bf9d65e0a8,kepler.cam,available,8.99,17.49,medium,low,6,namesilo,,,29/09/2026 01:24
6a07afb6-b6ce-4446-8637-1c97be0602ca,rarefy.cam,available,2.98,22.98,medium,low,6,namecheap,,,07/08/2026 15:31
73d76f49-cde9-4579-bf7e-be618e3493d2,scandent.cam,available,2.98,22.98,medium,low,8,namecheap,,,09/09/2026 22:32
828c5bb6-e6de-48cf-972e-261c12a263ac,inquiries.cam,available,8.99,17.49,medium,low,9,namesilo,,,30/09/2026 06:48
ce682c9b-54a9-4752-b674-754bd9fb2279,bladder.cam,available,8.99,17.49,high,low,7,namesilo,,,24/09/2026 03:26
e77cad34-4977-45f0-9bfc-6261955d7349,fantasm.cam,available,2.98,22.98,medium,low,7,namecheap,,,08/09/2026 18:39
c2a579de-2e39-431c-a2e1-eb2456c45ce6,tectonics.cam,available,8.99,17.49,medium,low,9,namesilo,,,20/09/2026 02:14
3ebe0cfa-3c4c-44f3-8107-6787cfc67b2a,offroader.cam,available,2.98,22.98,medium,low,10,namecheap,,,18/09/2026 09:00
fff347f7-92dd-4c00-9fd7-b7573eda6f58,fungicide.cam,available,2.98,22.98,medium,low,9,namecheap,,,
9db8d080-b5fe-4602-b974-4aab2321e60f,purses.cam,available,8.99,17.49,medium,low,6,namesilo,,,20/09/2026 11:07
2566f818-7551-457c-9752-f4e21b128bd7,doctorfish.cam,available,2.98,22.98,medium,low,10,namecheap,,,16/09/2026 20:58
761fe194-f712-4144-9a2c-2e01a7fe082b,abductor.cam,available,8.99,17.49,medium,low,8,namesilo,,,16/09/2026 14:54
2460bc79-9653-43b0-bebf-1a3688afade1,competencies.cam,available,1.7,14.69,medium,low,12,spaceship,,,29/09/2026 06:05
605cfe60-9b0b-44b4-a1cb-7bf1297eb806,columnar.cam,available,2.98,22.98,medium,low,8,namecheap,,,12/08/2026 18:14
cf00c741-6823-4370-bd31-e7438d945c5c,brett.cam,available,14.2,14.2,high,low,5,cloudflare,,,28/09/2026 07:03
689c15b6-8610-4ac5-b8c4-85823ba6610c,identified.cam,available,8.99,17.49,high,low,10,namesilo,,,25/09/2026 07:25
a558d23b-f36e-49e5-9abe-e4381d498674,gretchen.cam,available,8.99,17.49,high,low,8,namesilo,,,29/09/2026 09:29
c6025a05-f309-4c4d-8bae-dd16addff20a,troika.cam,available,2.98,22.98,high,low,6,namecheap,,,
e200fcf7-6687-456d-9d24-810f15b90e31,fluency.cam,available,8.99,17.49,high,low,7,namesilo,,,20/09/2026 11:19
fb083eea-c17e-4c81-b997-7ab9c6c23592,jacques.cam,available,8.99,17.49,high,low,7,namesilo,,,25/09/2026 13:47
98b26910-d83f-434e-b5c0-8c0eadd88b50,basileus.cam,available,8.99,17.49,medium,low,8,namesilo,,,22/09/2026 10:47
078ab46d-a7ef-425b-9c7a-66fd42a95118,mathew.cam,available,14.2,14.2,medium,low,6,cloudflare,,,28/09/2026 16:30
cc238aa8-01c2-413c-b20b-6ae30ae7582b,miracle.cam,premium,828.2,14.69,high,low,7,spaceship,,,30/09/2026 04:39
b60bb2d1-d623-401e-a1ca-5cdedbdf831f,mannered.cam,available,2.98,22.98,medium,low,8,namecheap,,,24/08/2026 15:18
a8429753-1418-425f-9535-dda48ca55d45,declarer.cam,available,8.99,17.49,medium,low,8,namesilo,,,17/09/2026 14:33
dea77eb5-2f3b-47b2-a5a0-befe8c7c5b39,dickhead.cam,available,2.98,22.98,medium,low,8,namecheap,,,08/08/2026 23:34
c12275d2-c11a-470c-846e-de51b4237ecf,truth.cam,premium,512,16.52,high,medium,5,namesilo,,,28/09/2026 17:29
c9fdae9e-337f-4b98-9965-0954ffd60ffc,perceiving.cam,available,22.98,,high,low,10,namecheap,,,
b905afd1-7ce0-4033-9599-7f9ece0eabfe,antoine.cam,available,2.98,22.98,high,low,7,namecheap,,,25/09/2026 14:52
e51a1e13-b4a8-4e3b-8cff-10c0b8730342,iona.cam,available,14.2,14.2,high,low,4,cloudflare,,,29/09/2026 22:09
826bcef1-dba8-4bd2-ac8f-cb92690248d3,watertown.cam,available,8.99,17.49,medium,low,9,namesilo,,,28/09/2026 06:52
de9a72dc-2c6f-4ed1-aa63-3a5c5c3bd617,alterable.cam,available,8.99,17.49,medium,low,9,namesilo,,,22/09/2026 02:18
49e85b39-5df2-4544-a41f-d2396040b66d,crichton.cam,available,14.2,14.2,medium,low,8,cloudflare,,,30/09/2026 01:11
5d5edacd-3515-415a-bd8e-c80e9a971558,pretoria.cam,available,14.2,14.2,high,low,8,cloudflare,,,29/09/2026 06:55
bf3c7db1-f6f4-4eb9-bf32-a11aa3765a89,fop.cam,premium,500,29.99,medium,low,3,name.com,,,13/08/2026 17:09
977a1efb-b63c-4bb0-8227-41bb68e71d12,returns.cam,available,2.98,22.98,high,low,7,namecheap,,,17/09/2026 17:19
992c9695-808b-4685-8158-e63ca3b83b9f,bath.cam,premium,854,16.52,high,low,4,namesilo,,,29/09/2026 01:30
051546fe-8674-4ecd-b15e-6ba7a63d89ad,amused.cam,available,2.98,22.98,high,low,6,namecheap,,,
3d7b7313-45f2-4249-be57-5215373a1fef,rodents.cam,available,1.7,14.69,low,low,7,spaceship,,,30/09/2026 15:36
8c308f28-4e91-43b0-a8c0-cd98a9651a62,abraham.cam,available,8.99,17.49,high,low,7,namesilo,,,16/09/2026 16:50
4d74c553-2465-4f46-82d8-a3c7dbe51dae,vir.cam,premium,414.2,14.69,medium,low,3,spaceship,,,29/09/2026 23:48
7caf30a2-81ce-4551-bcc8-57d011ec4d44,raven.cam,premium,1650,15.2,high,medium,5,dynadot,,,28/09/2026 09:27
ff6862d7-ec73-4a6d-a820-fb310c5a6ff7,greenness.cam,available,2.98,22.98,high,low,9,namecheap,,,20/08/2026 19:45
8eca8e0d-752a-4a73-91a1-5e22fb44f117,tuchman.cam,available,2.98,22.98,medium,low,7,namecheap,,,22/09/2026 04:24
f9578430-246b-42e3-8fb6-f3f1ec9cef06,convictions.cam,available,8.99,17.49,medium,low,11,namesilo,,,29/09/2026 04:50
ad8759e8-2b27-4429-ac1c-3612566fd822,nicky.cam,available,8.99,17.49,high,low,5,namesilo,,,
b4f46240-dcb8-41db-ac45-3e75e81d20a4,osman.cam,available,8.99,17.49,medium,low,5,namesilo,,,28/09/2026 22:06
e2e97663-efa2-4ac2-b450-ab36536b9302,plantal.cam,available,2.98,22.98,medium,low,7,namecheap,,,08/09/2026 20:48
be1fc61f-9dac-40a9-8a93-613e72b4f132,monty.cam,available,8.99,17.49,medium,low,5,namesilo,,,28/09/2026 11:58
463b5b8d-6e48-4624-bb40-955161aaab02,glitter.cam,available,8.99,17.49,high,low,7,namesilo,,,29/09/2026 11:42
994c8e03-276f-4e0c-b684-ac6dfea5d703,airbrake.cam,available,8.99,17.49,medium,low,8,namesilo,,,17/09/2026 22:58
f72d4df8-09bf-4a28-b121-1cabc9bbd8e9,feeder.cam,available,2.98,22.98,high,low,6,namecheap,,,12/08/2026 21:09
531518bf-2619-4057-8243-37cf52bce81e,stilly.cam,available,2.98,22.98,low,low,6,namecheap,,,10/09/2026 20:35
1ea1bbb5-be62-4ee5-b949-053cf2871705,scope.cam,premium,854,16.52,high,low,5,namesilo,,,18/09/2026 16:44
da767cf3-de17-4d58-9adf-bf3107d1b753,brighter.cam,available,8.99,17.49,high,low,8,namesilo,,,29/09/2026 10:57
a123294e-32e6-4cc2-8620-9031704c5255,stub.cam,available,8.99,17.49,high,low,4,namesilo,,,24/09/2026 13:57
655c1669-1403-4923-9ad5-330c397a2d84,anabolic.cam,available,2.98,22.98,high,low,8,namecheap,,,
93a1a1fb-b608-405c-ba88-3e655edb1492,voluble.cam,available,2.98,22.98,medium,low,7,namecheap,,,13/09/2026 06:59
7e2ea866-7845-40ee-86cd-1695451f909a,adjoining.cam,available,8.99,17.49,medium,low,9,namesilo,,,30/09/2026 03:23
e05f0dfc-901f-4d27-a513-09d7a88520c3,beechwood.cam,available,8.99,17.49,medium,low,9,namesilo,,,23/09/2026 00:14
5ef1fb80-60e4-4ca2-9ad1-c1cd87f88907,cathedral.cam,available,2.98,22.98,high,low,9,namecheap,,,11/08/2026 21:50
fa8dae8c-c431-41c1-8291-95c103b96938,slithery.cam,available,2.98,22.98,medium,low,8,namecheap,,,10/09/2026 11:09
ad7ba6cb-dc54-4a80-84fd-11868f644763,contributing.cam,available,7.72,14.93,medium,low,12,porkbun,,,30/09/2026 05:48
77a96260-27da-43b1-b7ba-1f1f8aa05562,rumansh.cam,available,2.98,22.98,high,medium,7,namecheap,,,09/09/2026 18:32
bb919f83-7535-4d6f-b816-30670cf6fea3,half.cam,premium,512,16.52,high,low,4,namesilo,,,24/09/2026 23:16
02f271c5-a40f-4682-980a-6b0af2ccbe87,specialized.cam,available,8.99,17.49,high,low,11,namesilo,,,
3c5b0ec3-9a4a-4fa2-9c53-d8dc0e9e487b,totaled.cam,available,8.99,17.49,medium,low,7,namesilo,,,28/09/2026 09:24
b90cc369-ae2a-4c02-ab44-f2b15bc2c04f,kiwi.cam,resell,,,high,high,4,Dynadot Inc,15/05/2026 13:13,15/05/2027 23:59,26/09/2026 07:06
c47e7627-31dc-4e37-bcac-a01051e97656,munificent.cam,available,2.98,22.98,high,low,10,namecheap,,,22/08/2026 21:09
6f21d29c-a0c2-4c27-bb72-0f5fbe2cff45,jet.cam,premium,1875,29.99,high,medium,3,name.com,,,12/08/2026 13:39
0ad14d56-4e30-4b81-aeee-e4e9bbdcd409,clamp.cam,available,8.99,17.49,medium,low,5,namesilo,,,24/09/2026 15:19
007f1066-f166-4a89-b47f-6f179cbe4bb0,spread.cam,premium,828.2,14.69,high,low,6,spaceship,,,28/09/2026 08:38
a1c79d74-0618-4c28-a3c7-e74b18ebb647,inglewood.cam,available,14.2,14.2,medium,low,9,cloudflare,,,30/09/2026 13:40
30256149-a4dc-434a-b184-13c46aec392c,reservations.cam,available,8.99,17.49,medium,low,12,namesilo,,,17/09/2026 23:30
99ccdacd-a046-4fb2-8cf2-06e4ef61a30e,pop.cam,premium,854,16.52,high,medium,3,namesilo,,,24/09/2026 11:55
4cbe9d13-03ca-4702-ab65-4a2fb66897a7,aengus.cam,available,8.99,17.49,medium,low,6,namesilo,,,17/09/2026 12:29
165ff4dd-f66e-461a-8263-68d2709b7240,tigerish.cam,available,2.98,22.98,medium,low,8,namecheap,,,11/09/2026 15:51
47ce6133-91ff-43f1-adf0-5048fcb57fa3,teachable.cam,available,2.98,22.98,high,low,9,namecheap,,,11/09/2026 09:34
a3b48f67-90f0-4345-81ed-4eb3b60959da,raucous.cam,available,2.98,22.98,high,medium,7,namecheap,,,09/09/2026 10:38
bc26b8cd-c4d0-449d-91f8-115ac648ae18,twenty.cam,available,8.99,17.49,high,low,6,namesilo,,,21/09/2026 12:24
fd94a670-194f-4b68-bccc-8a5d8000cfb9,tokens.cam,resell,,,high,medium,6,Dynadot Inc,22/07/2026 05:13,22/07/2027 23:59,26/09/2026 09:39
7f9e1bf5-0c84-4850-b1e5-a1eca07310e5,moneyed.cam,available,2.98,22.98,high,low,7,namecheap,,,
699336ec-cfd2-47da-9ecf-e04d0bbbf2e2,billow.cam,available,8.99,17.49,medium,low,6,namesilo,,,23/09/2026 16:34
a27ccbaf-6b69-47a2-8fe7-4c98f1589539,conservative.cam,available,2.98,22.98,high,low,12,namecheap,,,28/09/2026 11:13
12f835ff-700e-4601-b862-d0e4155a6d2e,prayed.cam,available,2.98,22.98,medium,low,6,namecheap,,,18/09/2026 02:41
e3338a1c-506a-48ba-af6f-4efcd358c77f,prentice.cam,available,8.99,17.49,medium,low,8,namesilo,,,19/09/2026 22:19
8d91c728-c17b-44cc-b8f8-86dc87f59c0d,darius.cam,available,8.99,17.49,medium,low,6,namesilo,,,27/09/2026 07:28
ae4e3e76-4001-4201-b732-3fb66e7d1838,biography.cam,available,2.98,22.98,high,low,9,namecheap,,,23/09/2026 18:09
e6c7fae3-a4c1-4291-bdd0-0f225bdddb0a,wannabe.cam,available,2.98,22.98,medium,low,7,namecheap,,,07/08/2026 05:17
ec346fbe-8cc2-4031-a8a0-5c07e29db6fb,auspex.cam,available,8.99,17.49,medium,low,6,namesilo,,,21/09/2026 03:22
6e45787d-9647-46c5-842f-b8907343b5ae,grinder.cam,available,2.98,22.98,medium,low,7,namecheap,,,25/08/2026 03:40
73404cb6-17d8-4d2e-9274-14a27ee0da51,dove.cam,premium,1950,18.2,high,low,4,namecheap,,,10/09/2026 17:16
5c8113dc-1b58-44a1-a80f-8626eed6a372,aircrew.cam,available,2.98,22.98,high,low,7,namecheap,,,17/09/2026 22:11
9b3c86e5-6557-4031-b2d2-8ef2e9755151,quizzes.cam,available,8.99,17.49,medium,low,7,namesilo,,,18/09/2026 17:07
76966ed1-7aca-4c2b-af35-4bf2692cbd56,pads.cam,resell,,,high,low,4,"Spaceship, Inc.",14/11/2025 17:25,14/11/2026 23:59,26/09/2026 07:59
013990d7-3229-45f1-b8d2-240065f18871,confusion.cam,available,8.99,17.49,high,low,9,namesilo,,,29/09/2026 10:55
8f4db722-ecf9-4d40-a94b-52a281dbf14d,infernal.cam,available,2.98,22.98,high,low,8,namecheap,,,10/08/2026 12:50
5e60dc5f-18f2-4f8d-9a90-b827c924ed15,barley.cam,available,2.98,22.98,high,low,6,namecheap,,,22/09/2026 06:33
382392cb-eb20-4002-83e5-9f0c8b16a5c4,alaric.cam,available,2.98,22.98,medium,low,6,namecheap,,,18/09/2026 01:52
82852b53-1edc-4da5-ac4e-f6d03d8e9910,abampere.cam,available,8.99,17.49,medium,low,8,namesilo,,,16/09/2026 13:54
9b29f854-7cf8-4fef-80d9-05976ebd866a,crumpled.cam,available,2.98,22.98,medium,low,8,namecheap,,,13/08/2026 09:06
410982c8-3a0e-4aef-883e-2a08e0d5dc74,metropolitan.cam,available,8.99,17.49,medium,low,12,namesilo,,,29/09/2026 02:58
cdff57b4-453f-41fe-bf09-8776526b6786,writers.cam,resell,,,medium,low,7,,,,28/09/2026 04:38
0d194442-08b9-40d1-b201-11f4db438796,gnostic.cam,available,2.98,22.98,medium,low,7,namecheap,,,20/08/2026 15:47
2f3d03ea-48ac-4a65-bf75-5a864deb13d9,aristocracy.cam,available,1.7,14.69,high,low,11,spaceship,,,30/09/2026 14:25
cf6bb107-cdfc-4f0a-b280-8ac261e4231b,handwoven.cam,available,2.98,22.98,medium,low,9,namecheap,,,20/08/2026 23:19
e99f2be6-8270-410f-941b-d66f2b565ee8,wave.cam,premium,1875,,high,medium,4,name.com,,,29/09/2026 03:58
9b86920b-b09e-410b-b6fd-e7b004d0e78c,sylvania.cam,available,7.72,14.93,medium,low,8,porkbun,,,30/09/2026 22:13
c38fd287-1b62-4dcf-af5b-4dbd3430b164,liaise.cam,available,2.98,22.98,high,low,6,namecheap,,,22/08/2026 08:15
28d6045e-5c36-4ba3-a19c-d8a7ce137242,costume.cam,available,2.98,22.98,high,low,7,namecheap,,,24/09/2026 18:31
f2556656-03f1-41ed-abbc-56b40b0e1107,flimsy.cam,available,2.98,22.98,medium,low,6,namecheap,,,18/08/2026 08:15
627cd183-3a21-416e-89e9-941af20ff7bf,neglected.cam,available,2.98,22.98,medium,low,9,namecheap,,,21/08/2026 18:36
4a0b49c1-e3fe-4cb2-8bd8-62421e18f040,import.cam,available,2.98,22.98,high,low,6,namecheap,,,25/09/2026 18:33
682ae00e-7066-4ced-9c18-29af9e7652ab,anisette.cam,available,8.99,17.49,medium,low,8,namesilo,,,19/09/2026 09:29
59202272-c503-4e4c-ac8a-1c0eb31ea285,provide.cam,available,2.98,22.98,high,low,7,namecheap,,,30/09/2026 07:04
b46b4f7d-7793-42da-96be-7ab5985c3bfa,janine.cam,available,2.98,22.98,high,low,6,namecheap,,,30/09/2026 13:20
85acbae8-bed2-4b50-9abb-4c634de7aa26,employers.cam,resell,,,medium,low,9,,,,30/09/2026 06:06
de430d79-6fdc-4ccd-a199-18c688df5755,shaded.cam,available,2.98,22.98,medium,low,6,namecheap,,,10/09/2026 05:23
3dc4db99-a73f-4126-9022-b4a321025bd5,hemic.cam,available,2.98,22.98,low,low,5,namecheap,,,20/08/2026 21:49
522cc5bb-2314-46c3-b939-a305f42c0b05,reddened.cam,available,2.98,22.98,high,medium,8,namecheap,,,09/09/2026 12:10
fe923964-9ef4-4196-a519-f2c4d4c05ed7,bpi.cam,premium,512,16.52,high,low,3,namesilo,,,23/09/2026 22:46
d9f4bb67-7daa-46a1-a991-e09667737fd2,apoplexy.cam,available,2.98,22.98,medium,low,8,namecheap,,,19/09/2026 19:09
8f19d8f7-26a2-4550-aa1d-6d5f9f9fd7cd,tashkent.cam,available,2.98,22.98,medium,low,8,namecheap,,,24/09/2026 12:32
65f261f9-20bc-49a5-99df-37865239bfd0,coco.cam,premium,512,16.52,high,high,4,namesilo,,,24/09/2026 16:14
85e867bf-2296-44d9-91bb-2f9bcabd317e,subverter.cam,available,2.98,22.98,medium,low,9,namecheap,,,09/09/2026 16:25
2e2f1a74-10b5-4ab7-ad76-724c7eb0c5f7,obamacare.cam,available,8.99,17.49,medium,low,10,namesilo,,,
c8808b84-bc91-4e18-a903-b17b3d7a17cc,lawyer.cam,premium,500,,high,low,6,name.com,,,28/09/2026 23:08
7e076559-3a16-4e52-bf59-20b2b4f07b19,placeable.cam,available,2.98,22.98,high,medium,9,namecheap,,,08/09/2026 20:14
d0c36ba4-2657-43b7-a289-879f3e7236b5,venom.cam,premium,512,16.52,high,low,5,namesilo,,,29/09/2026 07:31
b644a0d6-39d4-40a1-9a2d-8cb81609eacf,ces.cam,premium,828.2,14.69,high,low,3,spaceship,,,29/09/2026 03:52
2ee539cd-c28e-458a-8836-0786e92f90e9,animating.cam,available,8.99,17.49,high,low,9,namesilo,,,29/09/2026 05:09
5469ac9b-306c-4fe9-ab37-bfaa9666b806,igbo.cam,available,1.7,14.69,high,low,4,spaceship,,,30/09/2026 10:17
5e7c7bbe-0bf4-4efb-9a82-88e21f3564b5,nerd.cam,premium,828.2,14.69,high,medium,4,spaceship,,,29/09/2026 17:17